vacancy_titile;salary_from;salary_to;salary_currency;vacancy_link;site_from
Data инженер (Рекламная платформа);;;;https://hh.ru/vacancy/67396237?from=vacancy_search_list&hhtmFrom=vacancy_search_list&query=Data%20engineer;hh.ru
Рекрутер;;;;https://hh.ru/vacancy/67781537?from=vacancy_search_list&hhtmFrom=vacancy_search_list&query=Data%20engineer;hh.ru
Head of Global Sales (B2B);60000.00;72000.00;руб;https://hh.ru/vacancy/67791223?from=vacancy_search_list&hhtmFrom=vacancy_search_list&query=Data%20engineer;hh.ru
Data Engineer;300000.00;400000.00;руб;https://hh.ru/vacancy/67494470?from=vacancy_search_list&hhtmFrom=vacancy_search_list&query=Data%20engineer;hh.ru
Data Engineer;;;;https://hh.ru/vacancy/67114858?from=vacancy_search_list&hhtmFrom=vacancy_search_list&query=Data%20engineer;hh.ru
Senior Data Engineer;;;;https://hh.ru/vacancy/67643772?from=vacancy_search_list&hhtmFrom=vacancy_search_list&query=Data%20engineer;hh.ru
Senior Data Engineer;;;;https://hh.ru/vacancy/67637047?from=vacancy_search_list&hhtmFrom=vacancy_search_list&query=Data%20engineer;hh.ru
Principal Engineer (Big Data);6000.00;;USD;https://hh.ru/vacancy/66981169?from=vacancy_search_list&hhtmFrom=vacancy_search_list&query=Data%20engineer;hh.ru
Senior python developer / Data engineer;;;;https://hh.ru/vacancy/67331348?from=vacancy_search_list&hhtmFrom=vacancy_search_list&query=Data%20engineer;hh.ru
Data Engineer;;;;https://hh.ru/vacancy/67831356?from=vacancy_search_list&hhtmFrom=vacancy_search_list&query=Data%20engineer;hh.ru
Data Engineer;150000.00;250000.00;руб;https://hh.ru/vacancy/67472113?from=vacancy_search_list&hhtmFrom=vacancy_search_list&query=Data%20engineer;hh.ru
Data engineer;;;;https://hh.ru/vacancy/67302519?from=vacancy_search_list&hhtmFrom=vacancy_search_list&query=Data%20engineer;hh.ru
Data Engineer;3500.00;5700.00;EUR;https://hh.ru/vacancy/67462578?from=vacancy_search_list&hhtmFrom=vacancy_search_list&query=Data%20engineer;hh.ru
Data Engineer;3500.00;5700.00;EUR;https://hh.ru/vacancy/67462579?from=vacancy_search_list&hhtmFrom=vacancy_search_list&query=Data%20engineer;hh.ru
Data engineer;;;;https://hh.ru/vacancy/67403855?from=vacancy_search_list&hhtmFrom=vacancy_search_list&query=Data%20engineer;hh.ru
Аналитик данных \data engineer Python\SQL;;;;https://hh.ru/vacancy/67485021?from=vacancy_search_list&hhtmFrom=vacancy_search_list&query=Data%20engineer;hh.ru
Data Engineer/ ML Ops/ Разработчик DWH;170000.00;;руб;https://hh.ru/vacancy/67638048?from=vacancy_search_list&hhtmFrom=vacancy_search_list&query=Data%20engineer;hh.ru
Data Engineer (Integration);;;;https://hh.ru/vacancy/67471839?from=vacancy_search_list&hhtmFrom=vacancy_search_list&query=Data%20engineer;hh.ru
Data Engineer (DWH);;;;https://hh.ru/vacancy/67751461?from=vacancy_search_list&hhtmFrom=vacancy_search_list&query=Data%20engineer;hh.ru
Data Engineer (DWH);;;;https://hh.ru/vacancy/67628619?from=vacancy_search_list&hhtmFrom=vacancy_search_list&query=Data%20engineer;hh.ru
Data Engineer / MLOps;300000.00;400000.00;руб;https://hh.ru/vacancy/67369864?from=vacancy_search_list&hhtmFrom=vacancy_search_list&query=Data%20engineer;hh.ru
Инженер данных / Data engineer (Домен Платежи);;;;https://hh.ru/vacancy/66662318?from=vacancy_search_list&hhtmFrom=vacancy_search_list&query=Data%20engineer;hh.ru
Data Engineer (MY.GAMES);;;;https://hh.ru/vacancy/67803208?from=vacancy_search_list&hhtmFrom=vacancy_search_list&query=Data%20engineer;hh.ru
Data engineer;;;;https://hh.ru/vacancy/66187574?from=vacancy_search_list&hhtmFrom=vacancy_search_list&query=Data%20engineer;hh.ru
Data Engineer;;;;https://hh.ru/vacancy/67514052?from=vacancy_search_list&hhtmFrom=vacancy_search_list&query=Data%20engineer;hh.ru
Data Engineer;;;;https://hh.ru/vacancy/67135029?from=vacancy_search_list&hhtmFrom=vacancy_search_list&query=Data%20engineer;hh.ru
Data engineer;;;;https://hh.ru/vacancy/67785158?from=vacancy_search_list&hhtmFrom=vacancy_search_list&query=Data%20engineer;hh.ru
Data engineer;;;;https://hh.ru/vacancy/53926816?from=vacancy_search_list&hhtmFrom=vacancy_search_list&query=Data%20engineer;hh.ru
Data Engineer;;;;https://hh.ru/vacancy/67349848?from=vacancy_search_list&hhtmFrom=vacancy_search_list&query=Data%20engineer;hh.ru
Senior Data Engineer / MLOps;;350000.00;руб;https://hh.ru/vacancy/67825965?from=vacancy_search_list&hhtmFrom=vacancy_search_list&query=Data%20engineer;hh.ru
Data Engineer;;;;https://hh.ru/vacancy/67121181?from=vacancy_search_list&hhtmFrom=vacancy_search_list&query=Data%20engineer;hh.ru
Data Engineering Team Lead;;;;https://hh.ru/vacancy/45600853?from=vacancy_search_list&hhtmFrom=vacancy_search_list&query=Data%20engineer;hh.ru
Data Engineering Team Lead;;;;https://hh.ru/vacancy/45600866?from=vacancy_search_list&hhtmFrom=vacancy_search_list&query=Data%20engineer;hh.ru
ML Engineer Team Lead (to Cyprus);;;;https://hh.ru/vacancy/67640029?from=vacancy_search_list&hhtmFrom=vacancy_search_list&query=Data%20engineer;hh.ru
Data Engineer (Middle/Senior);;;;https://hh.ru/vacancy/54560399?from=vacancy_search_list&hhtmFrom=vacancy_search_list&query=Data%20engineer;hh.ru
Data science инженер;200000.00;250000.00;руб;https://hh.ru/vacancy/67060170?from=vacancy_search_list&hhtmFrom=vacancy_search_list&query=Data%20engineer;hh.ru
Senior Data Engineer / ETL-engineer;;;;https://hh.ru/vacancy/55088140?from=vacancy_search_list&hhtmFrom=vacancy_search_list&query=Data%20engineer;hh.ru
Junior / Senior Consultant, Data Sciencist, Technology Consulting Group;;;;https://hh.ru/vacancy/52581749?from=vacancy_search_list&hhtmFrom=vacancy_search_list&query=Data%20engineer;hh.ru
Data / ML Engineer (Персонализация);;;;https://hh.ru/vacancy/55135245?from=vacancy_search_list&hhtmFrom=vacancy_search_list&query=Data%20engineer;hh.ru
Data / ML Engineer (Персонализация);;;;https://hh.ru/vacancy/55135252?from=vacancy_search_list&hhtmFrom=vacancy_search_list&query=Data%20engineer;hh.ru
Senior Data Engineer/Senior ETL-Developer;;;;https://hh.ru/vacancy/67818898?from=vacancy_search_list&hhtmFrom=vacancy_search_list&query=Data%20engineer;hh.ru
Embedded Firmware Engineer;;;;https://hh.ru/vacancy/67406528?from=vacancy_search_list&hhtmFrom=vacancy_search_list&query=Data%20engineer;hh.ru
Data Engineer;;;;https://hh.ru/vacancy/45111090?from=vacancy_search_list&hhtmFrom=vacancy_search_list&query=Data%20engineer;hh.ru
Team Lead (C++ Windows) for the Endpoint Data Security R&D Group;;;;https://hh.ru/vacancy/67325856?from=vacancy_search_list&hhtmFrom=vacancy_search_list&query=Data%20engineer;hh.ru
API test engineer;;3500.00;USD;https://hh.ru/vacancy/67576820?from=vacancy_search_list&hhtmFrom=vacancy_search_list&query=Data%20engineer;hh.ru
Project Manager, Data Streaming Solutions;;;;https://hh.ru/vacancy/67831321?from=vacancy_search_list&hhtmFrom=vacancy_search_list&query=Data%20engineer;hh.ru
Project Manager, Data Streaming Solutions;;;;https://hh.ru/vacancy/67831320?from=vacancy_search_list&hhtmFrom=vacancy_search_list&query=Data%20engineer;hh.ru
DevOps engineer (senior);;;;https://hh.ru/vacancy/67573328?from=vacancy_search_list&hhtmFrom=vacancy_search_list&query=Data%20engineer;hh.ru
Senior Data engineer\analyst (развитие источников данных Big Data);;;;https://hh.ru/vacancy/67802079?from=vacancy_search_list&hhtmFrom=vacancy_search_list&query=Data%20engineer;hh.ru
Data Architect;;;;https://hh.ru/vacancy/67709388?from=vacancy_search_list&hhtmFrom=vacancy_search_list&query=Data%20engineer;hh.ru
Data Architect;;;;https://hh.ru/vacancy/67709389?from=vacancy_search_list&hhtmFrom=vacancy_search_list&query=Data%20engineer;hh.ru
Lead Security Engineer;;;;https://hh.ru/vacancy/55580485?from=vacancy_search_list&hhtmFrom=vacancy_search_list&query=Data%20engineer;hh.ru
Python-разработчик / Data engineer;;;;https://hh.ru/vacancy/67785812?from=vacancy_search_list&hhtmFrom=vacancy_search_list&query=Data%20engineer;hh.ru
Senior Big Data Engineer (в UK);6000.00;;EUR;https://hh.ru/vacancy/51194813?from=vacancy_search_list&hhtmFrom=vacancy_search_list&query=Data%20engineer;hh.ru
Data scientist;150000.00;200000.00;руб;https://hh.ru/vacancy/66737331?from=vacancy_search_list&hhtmFrom=vacancy_search_list&query=Data%20engineer;hh.ru
Team Lead (Data Engineering) / Руководитель по разработке;;;;https://hh.ru/vacancy/67702215?from=vacancy_search_list&hhtmFrom=vacancy_search_list&query=Data%20engineer;hh.ru
Data Engineer / ETL-engineer (Middle);;;;https://hh.ru/vacancy/67762108?from=vacancy_search_list&hhtmFrom=vacancy_search_list&query=Data%20engineer;hh.ru
Data Engineer / ETL-engineer (middle);;;;https://hh.ru/vacancy/67762016?from=vacancy_search_list&hhtmFrom=vacancy_search_list&query=Data%20engineer;hh.ru
Team lead Data Analyst;;;;https://hh.ru/vacancy/66504470?from=vacancy_search_list&hhtmFrom=vacancy_search_list&query=Data%20engineer;hh.ru
BI Engineer (Tableau);250000.00;;руб;https://hh.ru/vacancy/47882723?from=vacancy_search_list&hhtmFrom=vacancy_search_list&query=Data%20engineer;hh.ru
Data engineer в рекомендательные системы;;;;https://hh.ru/vacancy/67779546?from=vacancy_search_list&hhtmFrom=vacancy_search_list&query=Data%20engineer;hh.ru
Data-инженер;;;;https://hh.ru/vacancy/50062396?from=vacancy_search_list&hhtmFrom=vacancy_search_list&query=Data%20engineer;hh.ru
Data Engineer (Spark);;;;https://hh.ru/vacancy/67730650?from=vacancy_search_list&hhtmFrom=vacancy_search_list&query=Data%20engineer;hh.ru
Data Engineer (DWH);;;;https://hh.ru/vacancy/67729081?from=vacancy_search_list&hhtmFrom=vacancy_search_list&query=Data%20engineer;hh.ru
Data engineer (Python Hadoop Spark);;;;https://hh.ru/vacancy/67777345?from=vacancy_search_list&hhtmFrom=vacancy_search_list&query=Data%20engineer;hh.ru
Middle Data engineer;;;;https://hh.ru/vacancy/67722638?from=vacancy_search_list&hhtmFrom=vacancy_search_list&query=Data%20engineer;hh.ru
Senior Data Scientist/ ML Engineer;;350000.00;руб;https://hh.ru/vacancy/66921653?from=vacancy_search_list&hhtmFrom=vacancy_search_list&query=Data%20engineer;hh.ru
Data Engineer;;;;https://hh.ru/vacancy/55356975?from=vacancy_search_list&hhtmFrom=vacancy_search_list&query=Data%20engineer;hh.ru
Technical support engineer (2-3 line);;;;https://hh.ru/vacancy/67735453?from=vacancy_search_list&hhtmFrom=vacancy_search_list&query=Data%20engineer;hh.ru
Data Engineer (уровень не ниже среднего);140000.00;180000.00;руб;https://hh.ru/vacancy/67663330?from=vacancy_search_list&hhtmFrom=vacancy_search_list&query=Data%20engineer;hh.ru
MLOps инженер;;;;https://hh.ru/vacancy/67748528?from=vacancy_search_list&hhtmFrom=vacancy_search_list&query=Data%20engineer;hh.ru
Data Analyst;;;;https://hh.ru/vacancy/67682583?from=vacancy_search_list&hhtmFrom=vacancy_search_list&query=Data%20engineer;hh.ru
Senior DevOps Engineer;;;;https://hh.ru/vacancy/67826215?from=vacancy_search_list&hhtmFrom=vacancy_search_list&query=Data%20engineer;hh.ru
Data engineer for R&D team;;;;https://hh.ru/vacancy/67772415?from=vacancy_search_list&hhtmFrom=vacancy_search_list&query=Data%20engineer;hh.ru
Data engineer;;;;https://hh.ru/vacancy/67659794?from=vacancy_search_list&hhtmFrom=vacancy_search_list&query=Data%20engineer;hh.ru
Data engineer;;;;https://hh.ru/vacancy/67659795?from=vacancy_search_list&hhtmFrom=vacancy_search_list&query=Data%20engineer;hh.ru
Data engineer;;;;https://hh.ru/vacancy/67499060?from=vacancy_search_list&hhtmFrom=vacancy_search_list&query=Data%20engineer;hh.ru
Data engineer;;;;https://hh.ru/vacancy/67655667?from=vacancy_search_list&hhtmFrom=vacancy_search_list&query=Data%20engineer;hh.ru
Data engineer;;;;https://hh.ru/vacancy/67655653?from=vacancy_search_list&hhtmFrom=vacancy_search_list&query=Data%20engineer;hh.ru
DevOps инженер;;;;https://hh.ru/vacancy/67278491?from=vacancy_search_list&hhtmFrom=vacancy_search_list&query=Data%20engineer;hh.ru
Protocol Engineer;;;;https://hh.ru/vacancy/67785553?from=vacancy_search_list&hhtmFrom=vacancy_search_list&query=Data%20engineer;hh.ru
Senior DevOps engineer;;;;https://hh.ru/vacancy/55149677?from=vacancy_search_list&hhtmFrom=vacancy_search_list&query=Data%20engineer;hh.ru
Senior DevOps engineer;;;;https://hh.ru/vacancy/66990293?from=vacancy_search_list&hhtmFrom=vacancy_search_list&query=Data%20engineer;hh.ru
Middle/Senior Data Scientist;200000.00;;руб;https://hh.ru/vacancy/67231044?from=vacancy_search_list&hhtmFrom=vacancy_search_list&query=Data%20engineer;hh.ru
Архитектор информационных систем (Big Data);;;;https://hh.ru/vacancy/66071822?from=vacancy_search_list&hhtmFrom=vacancy_search_list&query=Data%20engineer;hh.ru
Data Engineer / Архитектор данных;150000.00;250000.00;руб;https://hh.ru/vacancy/67707391?from=vacancy_search_list&hhtmFrom=vacancy_search_list&query=Data%20engineer;hh.ru
Data Engineer / Архитектор данных;150000.00;250000.00;руб;https://hh.ru/vacancy/67707392?from=vacancy_search_list&hhtmFrom=vacancy_search_list&query=Data%20engineer;hh.ru
Data Engineer / Архитектор данных;150000.00;250000.00;руб;https://hh.ru/vacancy/67707393?from=vacancy_search_list&hhtmFrom=vacancy_search_list&query=Data%20engineer;hh.ru
Data Engineer / Архитектор данных;150000.00;250000.00;руб;https://hh.ru/vacancy/67707394?from=vacancy_search_list&hhtmFrom=vacancy_search_list&query=Data%20engineer;hh.ru
Data Engineer / Архитектор данных;150000.00;250000.00;руб;https://hh.ru/vacancy/67707395?from=vacancy_search_list&hhtmFrom=vacancy_search_list&query=Data%20engineer;hh.ru
Devops Engineer (удалённо) Голограмма;;;;https://hh.ru/vacancy/55202763?from=vacancy_search_list&hhtmFrom=vacancy_search_list&query=Data%20engineer;hh.ru
Lead/Senior Data Engineer/Data Analyst;;;;https://hh.ru/vacancy/67707072?from=vacancy_search_list&hhtmFrom=vacancy_search_list&query=Data%20engineer;hh.ru
System Engineer (DevOps);;;;https://hh.ru/vacancy/67519101?from=vacancy_search_list&hhtmFrom=vacancy_search_list&query=Data%20engineer;hh.ru
Data Engineer (DWH);;;;https://hh.ru/vacancy/54960222?from=vacancy_search_list&hhtmFrom=vacancy_search_list&query=Data%20engineer;hh.ru
Data Engineer (SberID);;;;https://hh.ru/vacancy/67649964?from=vacancy_search_list&hhtmFrom=vacancy_search_list&query=Data%20engineer;hh.ru
Тестировщик (QA Engineer);;;;https://hh.ru/vacancy/66957935?from=vacancy_search_list&hhtmFrom=vacancy_search_list&query=Data%20engineer;hh.ru
Lead Data Engineer;;;;https://hh.ru/vacancy/66825694?from=vacancy_search_list&hhtmFrom=vacancy_search_list&query=Data%20engineer;hh.ru
DevOps Engineer (to Cyprus);;;;https://hh.ru/vacancy/67043576?from=vacancy_search_list&hhtmFrom=vacancy_search_list&query=Data%20engineer;hh.ru
Senior Data Scientist;4000.00;5000.00;USD;https://hh.ru/vacancy/67613430?from=vacancy_search_list&hhtmFrom=vacancy_search_list&query=Data%20engineer;hh.ru
Старший разработчик (ML engineer);;;;https://hh.ru/vacancy/55033440?from=vacancy_search_list&hhtmFrom=vacancy_search_list&query=Data%20engineer;hh.ru
"Computer vision engineer (проект ""Лента"")";;;;https://hh.ru/vacancy/67800087?from=vacancy_search_list&hhtmFrom=vacancy_search_list&query=Data%20engineer;hh.ru
Machine Learning Engineer;;;;https://hh.ru/vacancy/52912384?from=vacancy_search_list&hhtmFrom=vacancy_search_list&query=Data%20engineer;hh.ru
C# software engineer;;;;https://hh.ru/vacancy/54146618?from=vacancy_search_list&hhtmFrom=vacancy_search_list&query=Data%20engineer;hh.ru
Backend Engineer;3500.00;;USD;https://hh.ru/vacancy/55150345?from=vacancy_search_list&hhtmFrom=vacancy_search_list&query=Data%20engineer;hh.ru
Data Engineer в Штаб блока РБ;;;;https://hh.ru/vacancy/67696732?from=vacancy_search_list&hhtmFrom=vacancy_search_list&query=Data%20engineer;hh.ru
Data Engineer;300000.00;370000.00;руб;https://hh.ru/vacancy/67590513?from=vacancy_search_list&hhtmFrom=vacancy_search_list&query=Data%20engineer;hh.ru
Data Engineer;300000.00;370000.00;руб;https://hh.ru/vacancy/67590514?from=vacancy_search_list&hhtmFrom=vacancy_search_list&query=Data%20engineer;hh.ru
AWS Cloud Architect / DevOps Engineer, Dubai;;;;https://hh.ru/vacancy/67705534?from=vacancy_search_list&hhtmFrom=vacancy_search_list&query=Data%20engineer;hh.ru
Senior NLP/Speech Research Engineer;;;;https://hh.ru/vacancy/54372021?from=vacancy_search_list&hhtmFrom=vacancy_search_list&query=Data%20engineer;hh.ru
Senior NLP/Speech Research Engineer;;;;https://hh.ru/vacancy/54372020?from=vacancy_search_list&hhtmFrom=vacancy_search_list&query=Data%20engineer;hh.ru
Senior NLP/Speech Research Engineer;;;;https://hh.ru/vacancy/54372019?from=vacancy_search_list&hhtmFrom=vacancy_search_list&query=Data%20engineer;hh.ru
Data Scientist;;;;https://hh.ru/vacancy/67716751?from=vacancy_search_list&hhtmFrom=vacancy_search_list&query=Data%20engineer;hh.ru
MX Engineer;;;;https://hh.ru/vacancy/66100113?from=vacancy_search_list&hhtmFrom=vacancy_search_list&query=Data%20engineer;hh.ru
Data Engineer;100000.00;200000.00;руб;https://hh.ru/vacancy/67589325?from=vacancy_search_list&hhtmFrom=vacancy_search_list&query=Data%20engineer;hh.ru
Data engineer в Smart Rollout (Big Data);;;;https://hh.ru/vacancy/67652407?from=vacancy_search_list&hhtmFrom=vacancy_search_list&query=Data%20engineer;hh.ru
Инженер направления Big Data;;;;https://hh.ru/vacancy/54602487?from=vacancy_search_list&hhtmFrom=vacancy_search_list&query=Data%20engineer;hh.ru
Data engineer;;;;https://hh.ru/vacancy/66515167?from=vacancy_search_list&hhtmFrom=vacancy_search_list&query=Data%20engineer;hh.ru
Senior QA Engineer (Armenia / Georgia / CIS);;;;https://hh.ru/vacancy/67159672?from=vacancy_search_list&hhtmFrom=vacancy_search_list&query=Data%20engineer;hh.ru
Системный инженер;;;;https://hh.ru/vacancy/66813130?from=vacancy_search_list&hhtmFrom=vacancy_search_list&query=Data%20engineer;hh.ru
Data Engineer;;140000.00;руб;https://hh.ru/vacancy/67584878?from=vacancy_search_list&hhtmFrom=vacancy_search_list&query=Data%20engineer;hh.ru
QA Инженер;;;;https://hh.ru/vacancy/66957901?from=vacancy_search_list&hhtmFrom=vacancy_search_list&query=Data%20engineer;hh.ru
Data Engineer;;;;https://hh.ru/vacancy/54192312?from=vacancy_search_list&hhtmFrom=vacancy_search_list&query=Data%20engineer;hh.ru
Data Engineer;;;;https://hh.ru/vacancy/66906529?from=vacancy_search_list&hhtmFrom=vacancy_search_list&query=Data%20engineer;hh.ru
Data инженер (Ведущий аудитор);;;;https://hh.ru/vacancy/67669849?from=vacancy_search_list&hhtmFrom=vacancy_search_list&query=Data%20engineer;hh.ru
Инженер внедрений;120000.00;160000.00;руб;https://hh.ru/vacancy/67339374?from=vacancy_search_list&hhtmFrom=vacancy_search_list&query=Data%20engineer;hh.ru
Middle Data engineer (Цифровой кредитный мониторинг);;;;https://hh.ru/vacancy/67652067?from=vacancy_search_list&hhtmFrom=vacancy_search_list&query=Data%20engineer;hh.ru
Data Engineer (GreenPlum);;;;https://hh.ru/vacancy/67608712?from=vacancy_search_list&hhtmFrom=vacancy_search_list&query=Data%20engineer;hh.ru
Team Lead Data Engineer в СберМаркет;;;;https://hh.ru/vacancy/55516850?from=vacancy_search_list&hhtmFrom=vacancy_search_list&query=Data%20engineer;hh.ru
Rotating Equipment Engineer;;;;https://hh.ru/vacancy/66873454?from=vacancy_search_list&hhtmFrom=vacancy_search_list&query=Data%20engineer;hh.ru
Static Equipment Engineer;;;;https://hh.ru/vacancy/66873366?from=vacancy_search_list&hhtmFrom=vacancy_search_list&query=Data%20engineer;hh.ru
Data quality engineer/Инженер по качеству данных;;;;https://hh.ru/vacancy/67536998?from=vacancy_search_list&hhtmFrom=vacancy_search_list&query=Data%20engineer;hh.ru
Senior Instrumentation Engineer;;;;https://hh.ru/vacancy/66873049?from=vacancy_search_list&hhtmFrom=vacancy_search_list&query=Data%20engineer;hh.ru
Data Operations Engineer;;;;https://hh.ru/vacancy/39734082?from=vacancy_search_list&hhtmFrom=vacancy_search_list&query=Data%20engineer;hh.ru
Data quality engineer/Инженер по качеству данных;;;;https://hh.ru/vacancy/67536999?from=vacancy_search_list&hhtmFrom=vacancy_search_list&query=Data%20engineer;hh.ru
SecOps Engineer;;;;https://hh.ru/vacancy/55121734?from=vacancy_search_list&hhtmFrom=vacancy_search_list&query=Data%20engineer;hh.ru
Lead data engineer;;;;https://hh.ru/vacancy/67605119?from=vacancy_search_list&hhtmFrom=vacancy_search_list&query=Data%20engineer;hh.ru
Data Engineer middle;;;;https://hh.ru/vacancy/67601987?from=vacancy_search_list&hhtmFrom=vacancy_search_list&query=Data%20engineer;hh.ru
Business Data Engineer;;;;https://hh.ru/vacancy/66693212?from=vacancy_search_list&hhtmFrom=vacancy_search_list&query=Data%20engineer;hh.ru
Business Data Engineer;;;;https://hh.ru/vacancy/66693213?from=vacancy_search_list&hhtmFrom=vacancy_search_list&query=Data%20engineer;hh.ru
Data QA Engineer;;;;https://hh.ru/vacancy/67595177?from=vacancy_search_list&hhtmFrom=vacancy_search_list&query=Data%20engineer;hh.ru
Data Engineer (Кампании продаж);;;;https://hh.ru/vacancy/67620175?from=vacancy_search_list&hhtmFrom=vacancy_search_list&query=Data%20engineer;hh.ru
Data Engineer (Аудиторные технологии);;;;https://hh.ru/vacancy/67482739?from=vacancy_search_list&hhtmFrom=vacancy_search_list&query=Data%20engineer;hh.ru
Data инженер;;;;https://hh.ru/vacancy/67569367?from=vacancy_search_list&hhtmFrom=vacancy_search_list&query=Data%20engineer;hh.ru
Data Engineer;;;;https://hh.ru/vacancy/67455462?from=vacancy_search_list&hhtmFrom=vacancy_search_list&query=Data%20engineer;hh.ru
Data Engineer;;;;https://hh.ru/vacancy/67440859?from=vacancy_search_list&hhtmFrom=vacancy_search_list&query=Data%20engineer;hh.ru
Data Engineer;;;;https://hh.ru/vacancy/53826687?from=vacancy_search_list&hhtmFrom=vacancy_search_list&query=Data%20engineer;hh.ru
Data Engineer;160000.00;;руб;https://hh.ru/vacancy/66695631?from=vacancy_search_list&hhtmFrom=vacancy_search_list&query=Data%20engineer;hh.ru
Data Science инженер, Kaldi (remote);;;;https://hh.ru/vacancy/67087632?from=vacancy_search_list&hhtmFrom=vacancy_search_list&query=Data%20engineer;hh.ru
Data Quality Engineer / Data Analyst;;;;https://hh.ru/vacancy/67577530?from=vacancy_search_list&hhtmFrom=vacancy_search_list&query=Data%20engineer;hh.ru
Senior Control Systems Engineer;;;;https://hh.ru/vacancy/66873270?from=vacancy_search_list&hhtmFrom=vacancy_search_list&query=Data%20engineer;hh.ru
Инженер по сопровождению;;;;https://hh.ru/vacancy/54711990?from=vacancy_search_list&hhtmFrom=vacancy_search_list&query=Data%20engineer;hh.ru
Senior Piping Material Engineer;;;;https://hh.ru/vacancy/66872138?from=vacancy_search_list&hhtmFrom=vacancy_search_list&query=Data%20engineer;hh.ru
Middle Office Support Engineer (Murex) / Специалист поддержки (junior / middle level);;;;https://hh.ru/vacancy/67687342?from=vacancy_search_list&hhtmFrom=vacancy_search_list&query=Data%20engineer;hh.ru
Middle/Senior Data Scientist (ML);;;;https://hh.ru/vacancy/66929110?from=vacancy_search_list&hhtmFrom=vacancy_search_list&query=Data%20engineer;hh.ru
Manual QA Engineer (Data);;;;https://hh.ru/vacancy/67595346?from=vacancy_search_list&hhtmFrom=vacancy_search_list&query=Data%20engineer;hh.ru
Manual QA Engineer (Data);;;;https://hh.ru/vacancy/67595347?from=vacancy_search_list&hhtmFrom=vacancy_search_list&query=Data%20engineer;hh.ru
Инженер по автоматизированному тестированию;;;;https://hh.ru/vacancy/67550667?from=vacancy_search_list&hhtmFrom=vacancy_search_list&query=Data%20engineer;hh.ru
Senior Backend Go Engineer;;;;https://hh.ru/vacancy/67446945?from=vacancy_search_list&hhtmFrom=vacancy_search_list&query=Data%20engineer;hh.ru
Middle Data Engineer;;3500.00;USD;https://hh.ru/vacancy/67539214?from=vacancy_search_list&hhtmFrom=vacancy_search_list&query=Data%20engineer;hh.ru
Application Support Engineer (GFTS);;;;https://hh.ru/vacancy/67667927?from=vacancy_search_list&hhtmFrom=vacancy_search_list&query=Data%20engineer;hh.ru
Senior Data Engineer;;;;https://hh.ru/vacancy/54975410?from=vacancy_search_list&hhtmFrom=vacancy_search_list&query=Data%20engineer;hh.ru
Data Engineer;;;;https://hh.ru/vacancy/66537908?from=vacancy_search_list&hhtmFrom=vacancy_search_list&query=Data%20engineer;hh.ru
ИТ- инженер 2 линии;;160000.00;руб;https://hh.ru/vacancy/67803849?from=vacancy_search_list&hhtmFrom=vacancy_search_list&query=Data%20engineer;hh.ru
Data инженер;;;;https://hh.ru/vacancy/52666026?from=vacancy_search_list&hhtmFrom=vacancy_search_list&query=Data%20engineer;hh.ru
DevOps инженер на ML платформу (MLOps);;;;https://hh.ru/vacancy/67358587?from=vacancy_search_list&hhtmFrom=vacancy_search_list&query=Data%20engineer;hh.ru
Junior SRE/DevOps (Big Data);;;;https://hh.ru/vacancy/67716483?from=vacancy_search_list&hhtmFrom=vacancy_search_list&query=Data%20engineer;hh.ru
Data engineer в СберМаркет;;;;https://hh.ru/vacancy/55374209?from=vacancy_search_list&hhtmFrom=vacancy_search_list&query=Data%20engineer;hh.ru
Middle QA Engineer (Data);;;;https://hh.ru/vacancy/67545654?from=vacancy_search_list&hhtmFrom=vacancy_search_list&query=Data%20engineer;hh.ru
Middle QA Engineer (Data);;;;https://hh.ru/vacancy/67545453?from=vacancy_search_list&hhtmFrom=vacancy_search_list&query=Data%20engineer;hh.ru
Middle QA Engineer (Data);;;;https://hh.ru/vacancy/67545454?from=vacancy_search_list&hhtmFrom=vacancy_search_list&query=Data%20engineer;hh.ru
Middle QA Engineer (Data);;;;https://hh.ru/vacancy/67545455?from=vacancy_search_list&hhtmFrom=vacancy_search_list&query=Data%20engineer;hh.ru
Middle QA Engineer (Data);;;;https://hh.ru/vacancy/67545456?from=vacancy_search_list&hhtmFrom=vacancy_search_list&query=Data%20engineer;hh.ru
Middle QA Engineer (Data);;;;https://hh.ru/vacancy/67545457?from=vacancy_search_list&hhtmFrom=vacancy_search_list&query=Data%20engineer;hh.ru
Middle QA Engineer (Data);;;;https://hh.ru/vacancy/67545458?from=vacancy_search_list&hhtmFrom=vacancy_search_list&query=Data%20engineer;hh.ru
Middle QA Engineer (Data);;;;https://hh.ru/vacancy/67545459?from=vacancy_search_list&hhtmFrom=vacancy_search_list&query=Data%20engineer;hh.ru
Middle QA Engineer (Data);;;;https://hh.ru/vacancy/67545460?from=vacancy_search_list&hhtmFrom=vacancy_search_list&query=Data%20engineer;hh.ru
Middle QA Engineer (Data);;;;https://hh.ru/vacancy/67545461?from=vacancy_search_list&hhtmFrom=vacancy_search_list&query=Data%20engineer;hh.ru
Data Analyst;;;;https://hh.ru/vacancy/55271924?from=vacancy_search_list&hhtmFrom=vacancy_search_list&query=Data%20engineer;hh.ru
Data Engineer;;;;https://hh.ru/vacancy/67411047?from=vacancy_search_list&hhtmFrom=vacancy_search_list&query=Data%20engineer;hh.ru
Data engineer (MLOps);;;;https://hh.ru/vacancy/66107360?from=vacancy_search_list&hhtmFrom=vacancy_search_list&query=Data%20engineer;hh.ru
Senior System Engineer/DevOps;250000.00;;руб;https://hh.ru/vacancy/66795433?from=vacancy_search_list&hhtmFrom=vacancy_search_list&query=Data%20engineer;hh.ru
Data Scientist (MTS AI);;;;https://hh.ru/vacancy/67094968?from=vacancy_search_list&hhtmFrom=vacancy_search_list&query=Data%20engineer;hh.ru
Middle/Senior Data Engineer;;;;https://hh.ru/vacancy/67505248?from=vacancy_search_list&hhtmFrom=vacancy_search_list&query=Data%20engineer;hh.ru
Инженер SQL/jun data engineer в Golden Record (Big Data);;;;https://hh.ru/vacancy/67607968?from=vacancy_search_list&hhtmFrom=vacancy_search_list&query=Data%20engineer;hh.ru
Data-инженер;;;;https://hh.ru/vacancy/55205239?from=vacancy_search_list&hhtmFrom=vacancy_search_list&query=Data%20engineer;hh.ru
Data engineer системы мониторинга;;;;https://hh.ru/vacancy/48372750?from=vacancy_search_list&hhtmFrom=vacancy_search_list&query=Data%20engineer;hh.ru
ML инженер в команду качества поиска;;;;https://hh.ru/vacancy/55247024?from=vacancy_search_list&hhtmFrom=vacancy_search_list&query=Data%20engineer;hh.ru
Data engineer (junior/middle);;;;https://hh.ru/vacancy/66689848?from=vacancy_search_list&hhtmFrom=vacancy_search_list&query=Data%20engineer;hh.ru
Senior Data Engineer / ETL-engineer;;;;https://hh.ru/vacancy/54262509?from=vacancy_search_list&hhtmFrom=vacancy_search_list&query=Data%20engineer;hh.ru
Senior Data Engineer / ETL-engineer;;;;https://hh.ru/vacancy/54262510?from=vacancy_search_list&hhtmFrom=vacancy_search_list&query=Data%20engineer;hh.ru
Senior Data Engineer / ETL-engineer;;;;https://hh.ru/vacancy/54262511?from=vacancy_search_list&hhtmFrom=vacancy_search_list&query=Data%20engineer;hh.ru
Senior Data Engineer / Ведущий инженер данных;;;;https://hh.ru/vacancy/67588378?from=vacancy_search_list&hhtmFrom=vacancy_search_list&query=Data%20engineer;hh.ru
Data Engineer в Департамент внутреннего аудита;;;;https://hh.ru/vacancy/67583851?from=vacancy_search_list&hhtmFrom=vacancy_search_list&query=Data%20engineer;hh.ru
Data Engineer;;80000.00;руб;https://hh.ru/vacancy/67350800?from=vacancy_search_list&hhtmFrom=vacancy_search_list&query=Data%20engineer;hh.ru
Data Engineer (Розничные кредитные риски);;;;https://hh.ru/vacancy/54163605?from=vacancy_search_list&hhtmFrom=vacancy_search_list&query=Data%20engineer;hh.ru
Инженер по диагностике и паспортизации автомобильных дорог;;;;https://hh.ru/vacancy/67160550?from=vacancy_search_list&hhtmFrom=vacancy_search_list&query=Data%20engineer;hh.ru
Software Engineer Backend (Java/NodeJS);;;;https://hh.ru/vacancy/67050889?from=vacancy_search_list&hhtmFrom=vacancy_search_list&query=Data%20engineer;hh.ru
Senior Data Engineer в BI Team;;;;https://hh.ru/vacancy/67571687?from=vacancy_search_list&hhtmFrom=vacancy_search_list&query=Data%20engineer;hh.ru
ML engineer (ML-driven Java code optimization of Android apps);;;;https://hh.ru/vacancy/49175586?from=vacancy_search_list&hhtmFrom=vacancy_search_list&query=Data%20engineer;hh.ru
Senio Data Engineer / Ведущий Инженер данных;;;;https://hh.ru/vacancy/54941971?from=vacancy_search_list&hhtmFrom=vacancy_search_list&query=Data%20engineer;hh.ru
Middle Java Engineer, Communication Services;;;;https://hh.ru/vacancy/67677139?from=vacancy_search_list&hhtmFrom=vacancy_search_list&query=Data%20engineer;hh.ru
ML Engineer/Data Scientist (to Georgia);;;;https://hh.ru/vacancy/67546327?from=vacancy_search_list&hhtmFrom=vacancy_search_list&query=Data%20engineer;hh.ru
DevOps инженер (Senior/Middle);180000.00;270000.00;руб;https://hh.ru/vacancy/67779446?from=vacancy_search_list&hhtmFrom=vacancy_search_list&query=Data%20engineer;hh.ru
Data Engineer (middle);;;;https://hh.ru/vacancy/55066723?from=vacancy_search_list&hhtmFrom=vacancy_search_list&query=Data%20engineer;hh.ru
Data Analyst / Data Engineer;;;;https://hh.ru/vacancy/67379079?from=vacancy_search_list&hhtmFrom=vacancy_search_list&query=Data%20engineer;hh.ru
Data Engineer в команду операционных данных банка;;;;https://hh.ru/vacancy/67573728?from=vacancy_search_list&hhtmFrom=vacancy_search_list&query=Data%20engineer;hh.ru
Data Engineer;;;;https://hh.ru/vacancy/51010554?from=vacancy_search_list&hhtmFrom=vacancy_search_list&query=Data%20engineer;hh.ru
Senior Software Engineer Backend (Java/NodeJS);;;;https://hh.ru/vacancy/67050699?from=vacancy_search_list&hhtmFrom=vacancy_search_list&query=Data%20engineer;hh.ru
Data Engineer;;;;https://hh.ru/vacancy/67262601?from=vacancy_search_list&hhtmFrom=vacancy_search_list&query=Data%20engineer;hh.ru
Data Engineer;;;;https://hh.ru/vacancy/67257271?from=vacancy_search_list&hhtmFrom=vacancy_search_list&query=Data%20engineer;hh.ru
Data Engineer;;;;https://hh.ru/vacancy/67261464?from=vacancy_search_list&hhtmFrom=vacancy_search_list&query=Data%20engineer;hh.ru
Senior Software Engineer Backend (Java/NodeJS);;;;https://hh.ru/vacancy/67055291?from=vacancy_search_list&hhtmFrom=vacancy_search_list&query=Data%20engineer;hh.ru
Lead Software Engineer Backend (Java/NodeJS);;;;https://hh.ru/vacancy/67050373?from=vacancy_search_list&hhtmFrom=vacancy_search_list&query=Data%20engineer;hh.ru
Senior Data Engineer;;;;https://hh.ru/vacancy/66511589?from=vacancy_search_list&hhtmFrom=vacancy_search_list&query=Data%20engineer;hh.ru
Senior Data Engineer;;;;https://hh.ru/vacancy/50439475?from=vacancy_search_list&hhtmFrom=vacancy_search_list&query=Data%20engineer;hh.ru
Data Engineer;;;;https://hh.ru/vacancy/55462542?from=vacancy_search_list&hhtmFrom=vacancy_search_list&query=Data%20engineer;hh.ru
Data Engineer;;;;https://hh.ru/vacancy/55497139?from=vacancy_search_list&hhtmFrom=vacancy_search_list&query=Data%20engineer;hh.ru
Data Engineer;;;;https://hh.ru/vacancy/55497353?from=vacancy_search_list&hhtmFrom=vacancy_search_list&query=Data%20engineer;hh.ru
Data Engineer;;;;https://hh.ru/vacancy/66114478?from=vacancy_search_list&hhtmFrom=vacancy_search_list&query=Data%20engineer;hh.ru
Data Engineer;;;;https://hh.ru/vacancy/66116145?from=vacancy_search_list&hhtmFrom=vacancy_search_list&query=Data%20engineer;hh.ru
Data quality engineer/Инженер по качеству данных;;;;https://hh.ru/vacancy/67545797?from=vacancy_search_list&hhtmFrom=vacancy_search_list&query=Data%20engineer;hh.ru
Data quality engineer/Инженер по качеству данных;;;;https://hh.ru/vacancy/67545798?from=vacancy_search_list&hhtmFrom=vacancy_search_list&query=Data%20engineer;hh.ru
Data quality engineer/Инженер по качеству данных;;;;https://hh.ru/vacancy/67545799?from=vacancy_search_list&hhtmFrom=vacancy_search_list&query=Data%20engineer;hh.ru
Data quality engineer/Инженер по качеству данных;;;;https://hh.ru/vacancy/67545800?from=vacancy_search_list&hhtmFrom=vacancy_search_list&query=Data%20engineer;hh.ru
Data Engineer (Департамент экосистемных продуктов);;;;https://hh.ru/vacancy/67441255?from=vacancy_search_list&hhtmFrom=vacancy_search_list&query=Data%20engineer;hh.ru
Data Engineer / Data Analyst (SberData);;;;https://hh.ru/vacancy/66933327?from=vacancy_search_list&hhtmFrom=vacancy_search_list&query=Data%20engineer;hh.ru
Junior Data Analyst;;;;https://hh.ru/vacancy/67617914?from=vacancy_search_list&hhtmFrom=vacancy_search_list&query=Data%20engineer;hh.ru
Industrial Safety and Environmental Lead Engineer;;;;https://hh.ru/vacancy/67669516?from=vacancy_search_list&hhtmFrom=vacancy_search_list&query=Data%20engineer;hh.ru
Сетевой инженер;;;;https://hh.ru/vacancy/66590431?from=vacancy_search_list&hhtmFrom=vacancy_search_list&query=Data%20engineer;hh.ru
Data Engineer/Разработчик на MS SQL;;;;https://hh.ru/vacancy/66737343?from=vacancy_search_list&hhtmFrom=vacancy_search_list&query=Data%20engineer;hh.ru
DevOps инженер;;;;https://hh.ru/vacancy/54215487?from=vacancy_search_list&hhtmFrom=vacancy_search_list&query=Data%20engineer;hh.ru
DevOps engineer в DataOps platform (Big Data);;;;https://hh.ru/vacancy/66614732?from=vacancy_search_list&hhtmFrom=vacancy_search_list&query=Data%20engineer;hh.ru
Data инженер;180000.00;;руб;https://hh.ru/vacancy/67375472?from=vacancy_search_list&hhtmFrom=vacancy_search_list&query=Data%20engineer;hh.ru
QA Automation Engineer (Python, relocation);;;;https://hh.ru/vacancy/67665302?from=vacancy_search_list&hhtmFrom=vacancy_search_list&query=Data%20engineer;hh.ru
Software/Hardware Functional Safety Engineer;;;;https://hh.ru/vacancy/67662398?from=vacancy_search_list&hhtmFrom=vacancy_search_list&query=Data%20engineer;hh.ru
Software/Hardware Functional Safety Engineer;;;;https://hh.ru/vacancy/67659913?from=vacancy_search_list&hhtmFrom=vacancy_search_list&query=Data%20engineer;hh.ru
Data Engineer;;;;https://hh.ru/vacancy/55442657?from=vacancy_search_list&hhtmFrom=vacancy_search_list&query=Data%20engineer;hh.ru
Data Engineer;;;;https://hh.ru/vacancy/50448224?from=vacancy_search_list&hhtmFrom=vacancy_search_list&query=Data%20engineer;hh.ru
Data Engineer;;;;https://hh.ru/vacancy/50448223?from=vacancy_search_list&hhtmFrom=vacancy_search_list&query=Data%20engineer;hh.ru
3D Machine Learning RnD Engineer (Montenegro);;;;https://hh.ru/vacancy/54925414?from=vacancy_search_list&hhtmFrom=vacancy_search_list&query=Data%20engineer;hh.ru
Инженер Linux (Data/Автоматизация);;;;https://hh.ru/vacancy/67430282?from=vacancy_search_list&hhtmFrom=vacancy_search_list&query=Data%20engineer;hh.ru
Data Engineer;;;;https://hh.ru/vacancy/67066469?from=vacancy_search_list&hhtmFrom=vacancy_search_list&query=Data%20engineer;hh.ru
Системный инженер;40000.00;;руб;https://hh.ru/vacancy/66063143?from=vacancy_search_list&hhtmFrom=vacancy_search_list&query=Data%20engineer;hh.ru
Data-инженер;220000.00;;руб;https://hh.ru/vacancy/67237935?from=vacancy_search_list&hhtmFrom=vacancy_search_list&query=Data%20engineer;hh.ru
Technical Support Engineer (enterprise products) with English;;;;https://hh.ru/vacancy/55156038?from=vacancy_search_list&hhtmFrom=vacancy_search_list&query=Data%20engineer;hh.ru
Data Engineer (Core Banking Products);;;;https://hh.ru/vacancy/66764236?from=vacancy_search_list&hhtmFrom=vacancy_search_list&query=Data%20engineer;hh.ru
Data Engineer;160000.00;;руб;https://hh.ru/vacancy/67039410?from=vacancy_search_list&hhtmFrom=vacancy_search_list&query=Data%20engineer;hh.ru
Data Engineer/ETL Developer;;;;https://hh.ru/vacancy/67327663?from=vacancy_search_list&hhtmFrom=vacancy_search_list&query=Data%20engineer;hh.ru
Data Analytics Lead;;;;https://hh.ru/vacancy/66612510?from=vacancy_search_list&hhtmFrom=vacancy_search_list&query=Data%20engineer;hh.ru
Data Engineer в команду AI трансформации трайба Особенные решения;;;;https://hh.ru/vacancy/67504306?from=vacancy_search_list&hhtmFrom=vacancy_search_list&query=Data%20engineer;hh.ru
Golang engineer (FinTech);;;;https://hh.ru/vacancy/67589790?from=vacancy_search_list&hhtmFrom=vacancy_search_list&query=Data%20engineer;hh.ru
Инженер технической поддержки;50000.00;;руб;https://hh.ru/vacancy/67021095?from=vacancy_search_list&hhtmFrom=vacancy_search_list&query=Data%20engineer;hh.ru
Data Engineer;3000.00;5000.00;USD;https://hh.ru/vacancy/67011157?from=vacancy_search_list&hhtmFrom=vacancy_search_list&query=Data%20engineer;hh.ru
Инженер devops, Hadoop, Платформа аналитики;;;;https://hh.ru/vacancy/67747089?from=vacancy_search_list&hhtmFrom=vacancy_search_list&query=Data%20engineer;hh.ru
Data engineer;;;;https://hh.ru/vacancy/50278257?from=vacancy_search_list&hhtmFrom=vacancy_search_list&query=Data%20engineer;hh.ru
Data engineer;;;;https://hh.ru/vacancy/52032900?from=vacancy_search_list&hhtmFrom=vacancy_search_list&query=Data%20engineer;hh.ru
Senior Process Engineer;;;;https://hh.ru/vacancy/66707497?from=vacancy_search_list&hhtmFrom=vacancy_search_list&query=Data%20engineer;hh.ru
Data Engineer;;;;https://hh.ru/vacancy/66999630?from=vacancy_search_list&hhtmFrom=vacancy_search_list&query=Data%20engineer;hh.ru
Сервис-инженер по информационным системам;35000.00;;руб;https://hh.ru/vacancy/48607594?from=vacancy_search_list&hhtmFrom=vacancy_search_list&query=Data%20engineer;hh.ru
Data Engineer;;;;https://hh.ru/vacancy/54969859?from=vacancy_search_list&hhtmFrom=vacancy_search_list&query=Data%20engineer;hh.ru
Business Data Engineer;;;;https://hh.ru/vacancy/67132029?from=vacancy_search_list&hhtmFrom=vacancy_search_list&query=Data%20engineer;hh.ru
Business Data Engineer;;;;https://hh.ru/vacancy/67132031?from=vacancy_search_list&hhtmFrom=vacancy_search_list&query=Data%20engineer;hh.ru
Honeywell Network Engineer;;;;https://hh.ru/vacancy/67540570?from=vacancy_search_list&hhtmFrom=vacancy_search_list&query=Data%20engineer;hh.ru
Honeywell Network Engineer;;;;https://hh.ru/vacancy/67540571?from=vacancy_search_list&hhtmFrom=vacancy_search_list&query=Data%20engineer;hh.ru
Honeywell Network Engineer;;;;https://hh.ru/vacancy/67540573?from=vacancy_search_list&hhtmFrom=vacancy_search_list&query=Data%20engineer;hh.ru
Honeywell Network Engineer;;;;https://hh.ru/vacancy/67540575?from=vacancy_search_list&hhtmFrom=vacancy_search_list&query=Data%20engineer;hh.ru
Honeywell Network Engineer;;;;https://hh.ru/vacancy/67540578?from=vacancy_search_list&hhtmFrom=vacancy_search_list&query=Data%20engineer;hh.ru
Honeywell Network Engineer;;;;https://hh.ru/vacancy/67540580?from=vacancy_search_list&hhtmFrom=vacancy_search_list&query=Data%20engineer;hh.ru
Data Engineer;;;;https://hh.ru/vacancy/66952218?from=vacancy_search_list&hhtmFrom=vacancy_search_list&query=Data%20engineer;hh.ru
Data Engineer;;;;https://hh.ru/vacancy/66952219?from=vacancy_search_list&hhtmFrom=vacancy_search_list&query=Data%20engineer;hh.ru
Data Engineer;;;;https://hh.ru/vacancy/66952220?from=vacancy_search_list&hhtmFrom=vacancy_search_list&query=Data%20engineer;hh.ru
Data Engineer;;;;https://hh.ru/vacancy/66952221?from=vacancy_search_list&hhtmFrom=vacancy_search_list&query=Data%20engineer;hh.ru
Data Engineer;;;;https://hh.ru/vacancy/66952222?from=vacancy_search_list&hhtmFrom=vacancy_search_list&query=Data%20engineer;hh.ru
Data Scientist (Retail Risk);;;;https://hh.ru/vacancy/67544729?from=vacancy_search_list&hhtmFrom=vacancy_search_list&query=Data%20engineer;hh.ru
Tech Lead Systems Engineer / DevOps Engineer;;;;https://hh.ru/vacancy/67532184?from=vacancy_search_list&hhtmFrom=vacancy_search_list&query=Data%20engineer;hh.ru
Middle Data Engineer (развитие внешнеэкономического партнерства);;;;https://hh.ru/vacancy/67375680?from=vacancy_search_list&hhtmFrom=vacancy_search_list&query=Data%20engineer;hh.ru
Разработчик ETL-процессов / Data Engineer (Hadoop);;;;https://hh.ru/vacancy/67361972?from=vacancy_search_list&hhtmFrom=vacancy_search_list&query=Data%20engineer;hh.ru
System Engineer (DevOps);;;;https://hh.ru/vacancy/67519068?from=vacancy_search_list&hhtmFrom=vacancy_search_list&query=Data%20engineer;hh.ru
Стажер Data engineer;;;;https://hh.ru/vacancy/67076882?from=vacancy_search_list&hhtmFrom=vacancy_search_list&query=Data%20engineer;hh.ru
Project Engineer (Road Projects);;;;https://hh.ru/vacancy/67585037?from=vacancy_search_list&hhtmFrom=vacancy_search_list&query=Data%20engineer;hh.ru
Senior Data engineer;;;;https://hh.ru/vacancy/51945731?from=vacancy_search_list&hhtmFrom=vacancy_search_list&query=Data%20engineer;hh.ru
Senior Data engineer;;;;https://hh.ru/vacancy/55872298?from=vacancy_search_list&hhtmFrom=vacancy_search_list&query=Data%20engineer;hh.ru
Senior Data engineer;;;;https://hh.ru/vacancy/55897718?from=vacancy_search_list&hhtmFrom=vacancy_search_list&query=Data%20engineer;hh.ru
Data Engineer (Middle/Senior);5000.00;8000.00;USD;https://hh.ru/vacancy/67155968?from=vacancy_search_list&hhtmFrom=vacancy_search_list&query=Data%20engineer;hh.ru
Senior Data Engineer;;;;https://hh.ru/vacancy/66992642?from=vacancy_search_list&hhtmFrom=vacancy_search_list&query=Data%20engineer;hh.ru
Data engineer/Аналитик Управление актуарных расчетов и ценообразования;;;;https://hh.ru/vacancy/67392610?from=vacancy_search_list&hhtmFrom=vacancy_search_list&query=Data%20engineer;hh.ru
Data Scientist ML Engineer (WFH);2000.00;5000.00;USD;https://hh.ru/vacancy/67465783?from=vacancy_search_list&hhtmFrom=vacancy_search_list&query=Data%20engineer;hh.ru
Senior Data Engineer, Online Genealogy Servicer;;;;https://hh.ru/vacancy/67518115?from=vacancy_search_list&hhtmFrom=vacancy_search_list&query=Data%20engineer;hh.ru
Principal/Senior Software Engineer (Simulators, 3D engine);250000.00;380000.00;руб;https://hh.ru/vacancy/67546040?from=vacancy_search_list&hhtmFrom=vacancy_search_list&query=Data%20engineer;hh.ru
Site Reliability Engineer (Рекомендательная система);;;;https://hh.ru/vacancy/67129445?from=vacancy_search_list&hhtmFrom=vacancy_search_list&query=Data%20engineer;hh.ru
Senior Kotlin engineer (DataOps platform);7500.00;9000.00;USD;https://hh.ru/vacancy/67565543?from=vacancy_search_list&hhtmFrom=vacancy_search_list&query=Data%20engineer;hh.ru
Machine Learning Engineer;200000.00;;руб;https://hh.ru/vacancy/67469627?from=vacancy_search_list&hhtmFrom=vacancy_search_list&query=Data%20engineer;hh.ru
Data-инженер;;;;https://hh.ru/vacancy/54452797?from=vacancy_search_list&hhtmFrom=vacancy_search_list&query=Data%20engineer;hh.ru
Senior DevOps Engineer, Communication Services;;;;https://hh.ru/vacancy/67560244?from=vacancy_search_list&hhtmFrom=vacancy_search_list&query=Data%20engineer;hh.ru
Senior DevOps Engineer, Communication Services;;;;https://hh.ru/vacancy/67560245?from=vacancy_search_list&hhtmFrom=vacancy_search_list&query=Data%20engineer;hh.ru
Data Developer (Snowflake), Stock Exchange;;;;https://hh.ru/vacancy/67518081?from=vacancy_search_list&hhtmFrom=vacancy_search_list&query=Data%20engineer;hh.ru
Data Developer (Snowflake), Stock Exchange;;;;https://hh.ru/vacancy/67518082?from=vacancy_search_list&hhtmFrom=vacancy_search_list&query=Data%20engineer;hh.ru
DevOps - инженер (Docker, Kubernetes);;;;https://hh.ru/vacancy/66915896?from=vacancy_search_list&hhtmFrom=vacancy_search_list&query=Data%20engineer;hh.ru
Senior Big Data Engineer, Investment Management Solutions;;;;https://hh.ru/vacancy/67518025?from=vacancy_search_list&hhtmFrom=vacancy_search_list&query=Data%20engineer;hh.ru
QA Engineer;;;;https://hh.ru/vacancy/67404194?from=vacancy_search_list&hhtmFrom=vacancy_search_list&query=Data%20engineer;hh.ru
Senior Big Data engineer;;;;https://hh.ru/vacancy/50805232?from=vacancy_search_list&hhtmFrom=vacancy_search_list&query=Data%20engineer;hh.ru
ETL разработчик/ Data engineer;;;;https://hh.ru/vacancy/67042024?from=vacancy_search_list&hhtmFrom=vacancy_search_list&query=Data%20engineer;hh.ru
Middle Data Engineer (Торговое финансирование и документарные операции);;;;https://hh.ru/vacancy/67325713?from=vacancy_search_list&hhtmFrom=vacancy_search_list&query=Data%20engineer;hh.ru
Информационный менеджер (IM);;;;https://hh.ru/vacancy/67296192?from=vacancy_search_list&hhtmFrom=vacancy_search_list&query=Data%20engineer;hh.ru
Data аналитик;;;;https://hh.ru/vacancy/55856164?from=vacancy_search_list&hhtmFrom=vacancy_search_list&query=Data%20engineer;hh.ru
QA Automation (Java) Engineer, Communication Services;;;;https://hh.ru/vacancy/66667436?from=vacancy_search_list&hhtmFrom=vacancy_search_list&query=Data%20engineer;hh.ru
Инженер по данным (Data Engineer);;;;https://hh.ru/vacancy/66079481?from=vacancy_search_list&hhtmFrom=vacancy_search_list&query=Data%20engineer;hh.ru
Инженер по данным (Data Engineer);;;;https://hh.ru/vacancy/55141805?from=vacancy_search_list&hhtmFrom=vacancy_search_list&query=Data%20engineer;hh.ru
DevOps engineer (with AWS Experience);;;;https://hh.ru/vacancy/67517693?from=vacancy_search_list&hhtmFrom=vacancy_search_list&query=Data%20engineer;hh.ru
DevOps engineer (with AWS Experience);;;;https://hh.ru/vacancy/67517694?from=vacancy_search_list&hhtmFrom=vacancy_search_list&query=Data%20engineer;hh.ru
Специалист по внедрению интернет-проектов / Дата-инженер;;;;https://hh.ru/vacancy/67695531?from=vacancy_search_list&hhtmFrom=vacancy_search_list&query=Data%20engineer;hh.ru
Senior Embedded Software Engineer (to Armenia);;;;https://hh.ru/vacancy/66655801?from=vacancy_search_list&hhtmFrom=vacancy_search_list&query=Data%20engineer;hh.ru
Senior Embedded Software Engineer (to Armenia);;;;https://hh.ru/vacancy/66655802?from=vacancy_search_list&hhtmFrom=vacancy_search_list&query=Data%20engineer;hh.ru
Senior Embedded Software Engineer (to Armenia);;;;https://hh.ru/vacancy/66655795?from=vacancy_search_list&hhtmFrom=vacancy_search_list&query=Data%20engineer;hh.ru
Senior Embedded Software Engineer (to Armenia);;;;https://hh.ru/vacancy/66655796?from=vacancy_search_list&hhtmFrom=vacancy_search_list&query=Data%20engineer;hh.ru
Senior Embedded Software Engineer (to Armenia);;;;https://hh.ru/vacancy/66655797?from=vacancy_search_list&hhtmFrom=vacancy_search_list&query=Data%20engineer;hh.ru
Senior Embedded Software Engineer (to Armenia);;;;https://hh.ru/vacancy/66655798?from=vacancy_search_list&hhtmFrom=vacancy_search_list&query=Data%20engineer;hh.ru
Senior Embedded Software Engineer (to Armenia);;;;https://hh.ru/vacancy/66655799?from=vacancy_search_list&hhtmFrom=vacancy_search_list&query=Data%20engineer;hh.ru
DevOps инженер;;;;https://hh.ru/vacancy/66672392?from=vacancy_search_list&hhtmFrom=vacancy_search_list&query=Data%20engineer;hh.ru
DevOps Engineer;;;;https://hh.ru/vacancy/67331933?from=vacancy_search_list&hhtmFrom=vacancy_search_list&query=Data%20engineer;hh.ru
Разработчик ETL (Data Инженер);;;;https://hh.ru/vacancy/66761878?from=vacancy_search_list&hhtmFrom=vacancy_search_list&query=Data%20engineer;hh.ru
Data analyst (DWH);;;;https://hh.ru/vacancy/67256606?from=vacancy_search_list&hhtmFrom=vacancy_search_list&query=Data%20engineer;hh.ru
Information Security Engineer;;;;https://hh.ru/vacancy/67359801?from=vacancy_search_list&hhtmFrom=vacancy_search_list&query=Data%20engineer;hh.ru
Information Security Engineer;;;;https://hh.ru/vacancy/67359802?from=vacancy_search_list&hhtmFrom=vacancy_search_list&query=Data%20engineer;hh.ru
Information Security Engineer;;;;https://hh.ru/vacancy/67359803?from=vacancy_search_list&hhtmFrom=vacancy_search_list&query=Data%20engineer;hh.ru
Senior/Principal Software Engineer (C++);220000.00;380000.00;руб;https://hh.ru/vacancy/67442536?from=vacancy_search_list&hhtmFrom=vacancy_search_list&query=Data%20engineer;hh.ru
Data-аналитик;600000.00;900000.00;KZT;https://hh.ru/vacancy/67100424?from=vacancy_search_list&hhtmFrom=vacancy_search_list&query=Data%20engineer;hh.ru
Senior Zephyr RTOS Engineer (to Armenia);;;;https://hh.ru/vacancy/67488262?from=vacancy_search_list&hhtmFrom=vacancy_search_list&query=Data%20engineer;hh.ru
Senior Zephyr RTOS Engineer (to Armenia);;;;https://hh.ru/vacancy/67488263?from=vacancy_search_list&hhtmFrom=vacancy_search_list&query=Data%20engineer;hh.ru
Senior Zephyr RTOS Engineer (to Armenia);;;;https://hh.ru/vacancy/67488264?from=vacancy_search_list&hhtmFrom=vacancy_search_list&query=Data%20engineer;hh.ru
Senior Zephyr RTOS Engineer (to Armenia);;;;https://hh.ru/vacancy/67488265?from=vacancy_search_list&hhtmFrom=vacancy_search_list&query=Data%20engineer;hh.ru
Senior Zephyr RTOS Engineer (to Armenia);;;;https://hh.ru/vacancy/67488266?from=vacancy_search_list&hhtmFrom=vacancy_search_list&query=Data%20engineer;hh.ru
Senior Zephyr RTOS Engineer (to Armenia);;;;https://hh.ru/vacancy/67488267?from=vacancy_search_list&hhtmFrom=vacancy_search_list&query=Data%20engineer;hh.ru
QA Automation Engineer;;;;https://hh.ru/vacancy/67344234?from=vacancy_search_list&hhtmFrom=vacancy_search_list&query=Data%20engineer;hh.ru
Senior DevOps Engineer;;;;https://hh.ru/vacancy/67340851?from=vacancy_search_list&hhtmFrom=vacancy_search_list&query=Data%20engineer;hh.ru
Senior Software Engineer - Java (to Cyprus);;;;https://hh.ru/vacancy/54735812?from=vacancy_search_list&hhtmFrom=vacancy_search_list&query=Data%20engineer;hh.ru
DevOps engineer middle+;;;;https://hh.ru/vacancy/67327052?from=vacancy_search_list&hhtmFrom=vacancy_search_list&query=Data%20engineer;hh.ru
QA Automation engineer;;;;https://hh.ru/vacancy/52831907?from=vacancy_search_list&hhtmFrom=vacancy_search_list&query=Data%20engineer;hh.ru
AI/ML-infrastructure engineer;;;;https://hh.ru/vacancy/67394864?from=vacancy_search_list&hhtmFrom=vacancy_search_list&query=Data%20engineer;hh.ru
Старший сервисный инженер;90000.00;;руб;https://hh.ru/vacancy/66638149?from=vacancy_search_list&hhtmFrom=vacancy_search_list&query=Data%20engineer;hh.ru
PostgreSQL Engineer;;;;https://hh.ru/vacancy/54268930?from=vacancy_search_list&hhtmFrom=vacancy_search_list&query=Data%20engineer;hh.ru
Senior QA Auto Engineer (Java/Python), marketing personalization and automation platform;;;;https://hh.ru/vacancy/67542014?from=vacancy_search_list&hhtmFrom=vacancy_search_list&query=Data%20engineer;hh.ru
Инженер группы технической поддержки;35000.00;;руб;https://hh.ru/vacancy/67582780?from=vacancy_search_list&hhtmFrom=vacancy_search_list&query=Data%20engineer;hh.ru
System Administrator / DevOps Engineer;;;;https://hh.ru/vacancy/67331589?from=vacancy_search_list&hhtmFrom=vacancy_search_list&query=Data%20engineer;hh.ru
Data Scientist (SberDevices);;;;https://hh.ru/vacancy/51784863?from=vacancy_search_list&hhtmFrom=vacancy_search_list&query=Data%20engineer;hh.ru
Senior Java Software Engineer;;;;https://hh.ru/vacancy/67323382?from=vacancy_search_list&hhtmFrom=vacancy_search_list&query=Data%20engineer;hh.ru
Senior Java Software Engineer;;;;https://hh.ru/vacancy/67323383?from=vacancy_search_list&hhtmFrom=vacancy_search_list&query=Data%20engineer;hh.ru
Senior Java Software Engineer;;;;https://hh.ru/vacancy/67323384?from=vacancy_search_list&hhtmFrom=vacancy_search_list&query=Data%20engineer;hh.ru
QA Engineer;;;;https://hh.ru/vacancy/67041838?from=vacancy_search_list&hhtmFrom=vacancy_search_list&query=Data%20engineer;hh.ru
Head of DBMS;;;;https://hh.ru/vacancy/67831973?from=vacancy_search_list&hhtmFrom=vacancy_search_list&query=Data%20engineer;hh.ru
Data Architect, Asset Management Solutions;;;;https://hh.ru/vacancy/67279808?from=vacancy_search_list&hhtmFrom=vacancy_search_list&query=Data%20engineer;hh.ru
Data Architect, Asset Management Solutions;;;;https://hh.ru/vacancy/67279809?from=vacancy_search_list&hhtmFrom=vacancy_search_list&query=Data%20engineer;hh.ru
Junior Data Analyst (Analytics Team);;;;https://hh.ru/vacancy/67288435?from=vacancy_search_list&hhtmFrom=vacancy_search_list&query=Data%20engineer;hh.ru
Junior Data Analyst (Analytics Team);;;;https://hh.ru/vacancy/67288436?from=vacancy_search_list&hhtmFrom=vacancy_search_list&query=Data%20engineer;hh.ru
QA Automation Engineer;;;;https://hh.ru/vacancy/66120160?from=vacancy_search_list&hhtmFrom=vacancy_search_list&query=Data%20engineer;hh.ru
Инженер по данным;;;;https://hh.ru/vacancy/52666742?from=vacancy_search_list&hhtmFrom=vacancy_search_list&query=Data%20engineer;hh.ru
Инженер по сопровождению;;;;https://hh.ru/vacancy/67490802?from=vacancy_search_list&hhtmFrom=vacancy_search_list&query=Data%20engineer;hh.ru
Старший инженер по технической поддержке Data;;;;https://hh.ru/vacancy/55065844?from=vacancy_search_list&hhtmFrom=vacancy_search_list&query=Data%20engineer;hh.ru
Project Manager (Remote, English C2, USA);1300.00;;USD;https://hh.ru/vacancy/67835015?from=vacancy_search_list&hhtmFrom=vacancy_search_list&query=Data%20engineer;hh.ru
Администратор проектов;;;;https://hh.ru/vacancy/53072570?from=vacancy_search_list&hhtmFrom=vacancy_search_list&query=Data%20engineer;hh.ru
Linux Kernel Developer/Старший инженер-программист Linux Kernel;;;;https://hh.ru/vacancy/67623266?from=vacancy_search_list&hhtmFrom=vacancy_search_list&query=Data%20engineer;hh.ru
Математик-аналитик (data scientist / data analyst);;98000.00;руб;https://hh.ru/vacancy/55552998?from=vacancy_search_list&hhtmFrom=vacancy_search_list&query=Data%20engineer;hh.ru
Team lead Data scientist;;;;https://hh.ru/vacancy/67088082?from=vacancy_search_list&hhtmFrom=vacancy_search_list&query=Data%20engineer;hh.ru
SRE/Cloud Engineer, Parcel Delivery App;;;;https://hh.ru/vacancy/67345178?from=vacancy_search_list&hhtmFrom=vacancy_search_list&query=Data%20engineer;hh.ru
Lead Project Manager (Systems Engineers team);;;;https://hh.ru/vacancy/67344365?from=vacancy_search_list&hhtmFrom=vacancy_search_list&query=Data%20engineer;hh.ru
Chief technical officer/Global Head of Technical Services - Dubai;13000.00;;USD;https://hh.ru/vacancy/67653373?from=vacancy_search_list&hhtmFrom=vacancy_search_list&query=Data%20engineer;hh.ru
Инженер отдела технической поддержки оборудования;30000.00;;руб;https://hh.ru/vacancy/66857370?from=vacancy_search_list&hhtmFrom=vacancy_search_list&query=Data%20engineer;hh.ru
Инженер сопровождения (Support engineer);;;;https://hh.ru/vacancy/67157329?from=vacancy_search_list&hhtmFrom=vacancy_search_list&query=Data%20engineer;hh.ru
DevOPS / SRE Engineer (POS Hospitality);4500.00;;USD;https://hh.ru/vacancy/66558146?from=vacancy_search_list&hhtmFrom=vacancy_search_list&query=Data%20engineer;hh.ru
DevOPS / SRE Engineer (POS Hospitality);4500.00;;USD;https://hh.ru/vacancy/66558145?from=vacancy_search_list&hhtmFrom=vacancy_search_list&query=Data%20engineer;hh.ru
Asset Reliability Engineer / Инженер по надежности оборудования;;;;https://hh.ru/vacancy/67367765?from=vacancy_search_list&hhtmFrom=vacancy_search_list&query=Data%20engineer;hh.ru
Control Systems Field Engineer;;;;https://hh.ru/vacancy/67421385?from=vacancy_search_list&hhtmFrom=vacancy_search_list&query=Data%20engineer;hh.ru
Senior BigData Engineer, Financial Software Solutions;;;;https://hh.ru/vacancy/66678201?from=vacancy_search_list&hhtmFrom=vacancy_search_list&query=Data%20engineer;hh.ru
Back-End инженер Golang (Рекомендательная система);;;;https://hh.ru/vacancy/54853732?from=vacancy_search_list&hhtmFrom=vacancy_search_list&query=Data%20engineer;hh.ru
Старший инженер;;;;https://hh.ru/vacancy/67344581?from=vacancy_search_list&hhtmFrom=vacancy_search_list&query=Data%20engineer;hh.ru
Data Analyst в команду автоматизации ML-процессов;;;;https://hh.ru/vacancy/67245295?from=vacancy_search_list&hhtmFrom=vacancy_search_list&query=Data%20engineer;hh.ru
QA Automation Engineer (Java);;;;https://hh.ru/vacancy/67157614?from=vacancy_search_list&hhtmFrom=vacancy_search_list&query=Data%20engineer;hh.ru
Инженер отдела эксплуатации оборудования;30000.00;;руб;https://hh.ru/vacancy/66079199?from=vacancy_search_list&hhtmFrom=vacancy_search_list&query=Data%20engineer;hh.ru
ELK support engineer;;;;https://hh.ru/vacancy/66984894?from=vacancy_search_list&hhtmFrom=vacancy_search_list&query=Data%20engineer;hh.ru
Senior System Engineer (Admins Team);3300.00;;USD;https://hh.ru/vacancy/67221058?from=vacancy_search_list&hhtmFrom=vacancy_search_list&query=Data%20engineer;hh.ru
Blockchain Engineer (Limassol, Cyprus);;;;https://hh.ru/vacancy/67034446?from=vacancy_search_list&hhtmFrom=vacancy_search_list&query=Data%20engineer;hh.ru
Blockchain Engineer (Limassol, Cyprus);;;;https://hh.ru/vacancy/67034447?from=vacancy_search_list&hhtmFrom=vacancy_search_list&query=Data%20engineer;hh.ru
Middle аналитик в контакт-центр сервиса путешествий;;;;https://hh.ru/vacancy/67088093?from=vacancy_search_list&hhtmFrom=vacancy_search_list&query=Data%20engineer;hh.ru
Lead Observability Engineer;;;;https://hh.ru/vacancy/66948251?from=vacancy_search_list&hhtmFrom=vacancy_search_list&query=Data%20engineer;hh.ru
Lead Observability Engineer;;;;https://hh.ru/vacancy/66948252?from=vacancy_search_list&hhtmFrom=vacancy_search_list&query=Data%20engineer;hh.ru
Lead Observability Engineer;;;;https://hh.ru/vacancy/66948253?from=vacancy_search_list&hhtmFrom=vacancy_search_list&query=Data%20engineer;hh.ru
Lead Observability Engineer;;;;https://hh.ru/vacancy/66948254?from=vacancy_search_list&hhtmFrom=vacancy_search_list&query=Data%20engineer;hh.ru
Lead Observability Engineer;;;;https://hh.ru/vacancy/66948255?from=vacancy_search_list&hhtmFrom=vacancy_search_list&query=Data%20engineer;hh.ru
Routing Engineer (Geospatial analytics);2000.00;4000.00;USD;https://hh.ru/vacancy/54983017?from=vacancy_search_list&hhtmFrom=vacancy_search_list&query=Data%20engineer;hh.ru
Ведущий инженер сопровождения интеграционных решений;;;;https://hh.ru/vacancy/67451753?from=vacancy_search_list&hhtmFrom=vacancy_search_list&query=Data%20engineer;hh.ru
SRE инженер;;;;https://hh.ru/vacancy/66223854?from=vacancy_search_list&hhtmFrom=vacancy_search_list&query=Data%20engineer;hh.ru
DevOps-инженер (Linux);;;;https://hh.ru/vacancy/49191479?from=vacancy_search_list&hhtmFrom=vacancy_search_list&query=Data%20engineer;hh.ru
DevOps инженер;;;;https://hh.ru/vacancy/54850028?from=vacancy_search_list&hhtmFrom=vacancy_search_list&query=Data%20engineer;hh.ru
Senior Big Data Developer, Communication Services;;;;https://hh.ru/vacancy/66678257?from=vacancy_search_list&hhtmFrom=vacancy_search_list&query=Data%20engineer;hh.ru
Инженер по сопровождению Hadoop (SberData);;;;https://hh.ru/vacancy/54009192?from=vacancy_search_list&hhtmFrom=vacancy_search_list&query=Data%20engineer;hh.ru
QA Automation engineer (Khaki Team);4300.00;;EUR;https://hh.ru/vacancy/67133475?from=vacancy_search_list&hhtmFrom=vacancy_search_list&query=Data%20engineer;hh.ru
Senior C++ Engineer, Navigation Native;;;;https://hh.ru/vacancy/67095634?from=vacancy_search_list&hhtmFrom=vacancy_search_list&query=Data%20engineer;hh.ru
Инженер сопровождения Linux;;;;https://hh.ru/vacancy/54483399?from=vacancy_search_list&hhtmFrom=vacancy_search_list&query=Data%20engineer;hh.ru
Senior Product manager;5000.00;8000.00;USD;https://hh.ru/vacancy/67308987?from=vacancy_search_list&hhtmFrom=vacancy_search_list&query=Data%20engineer;hh.ru
Senior C++ Engineer (switch to Julia);5000.00;;USD;https://hh.ru/vacancy/55275851?from=vacancy_search_list&hhtmFrom=vacancy_search_list&query=Data%20engineer;hh.ru
Инженер данных / Аналитик данных;;;;https://hh.ru/vacancy/54981133?from=vacancy_search_list&hhtmFrom=vacancy_search_list&query=Data%20engineer;hh.ru
.Net Developer (remote);;;;https://hh.ru/vacancy/67366892?from=vacancy_search_list&hhtmFrom=vacancy_search_list&query=Data%20engineer;hh.ru
.Net Developer (remote);;;;https://hh.ru/vacancy/67366893?from=vacancy_search_list&hhtmFrom=vacancy_search_list&query=Data%20engineer;hh.ru
Salesforce administrator / developer;;;;https://hh.ru/vacancy/67367312?from=vacancy_search_list&hhtmFrom=vacancy_search_list&query=Data%20engineer;hh.ru
Salesforce administrator / developer;;;;https://hh.ru/vacancy/67367313?from=vacancy_search_list&hhtmFrom=vacancy_search_list&query=Data%20engineer;hh.ru
Technical support engineer (2nd line);;;;https://hh.ru/vacancy/67000659?from=vacancy_search_list&hhtmFrom=vacancy_search_list&query=Data%20engineer;hh.ru
Technical support engineer (2nd line);;;;https://hh.ru/vacancy/67000660?from=vacancy_search_list&hhtmFrom=vacancy_search_list&query=Data%20engineer;hh.ru
Intersystems Cache / IRIS developer, Investment Management Solution;;;;https://hh.ru/vacancy/66879125?from=vacancy_search_list&hhtmFrom=vacancy_search_list&query=Data%20engineer;hh.ru
Senior Full Stack Software Development Engineer II (SDE 2 to Germany);5800.00;;EUR;https://hh.ru/vacancy/67257130?from=vacancy_search_list&hhtmFrom=vacancy_search_list&query=Data%20engineer;hh.ru
Инженер данных DWH в Маркет;;;;https://hh.ru/vacancy/66855501?from=vacancy_search_list&hhtmFrom=vacancy_search_list&query=Data%20engineer;hh.ru
Инженер данных DWH в Маркет;;;;https://hh.ru/vacancy/66855502?from=vacancy_search_list&hhtmFrom=vacancy_search_list&query=Data%20engineer;hh.ru
Инженер данных DWH в Маркет;;;;https://hh.ru/vacancy/66855503?from=vacancy_search_list&hhtmFrom=vacancy_search_list&query=Data%20engineer;hh.ru
Инженер данных DWH в Маркет;;;;https://hh.ru/vacancy/66855504?from=vacancy_search_list&hhtmFrom=vacancy_search_list&query=Data%20engineer;hh.ru
Инженер данных DWH в Маркет;;;;https://hh.ru/vacancy/66855505?from=vacancy_search_list&hhtmFrom=vacancy_search_list&query=Data%20engineer;hh.ru
DevOps – инженер;;;;https://hh.ru/vacancy/67001937?from=vacancy_search_list&hhtmFrom=vacancy_search_list&query=Data%20engineer;hh.ru
Ведущий инженер систем мониторинга;;;;https://hh.ru/vacancy/55195343?from=vacancy_search_list&hhtmFrom=vacancy_search_list&query=Data%20engineer;hh.ru
QA Automation (Java) Engineer, Communication Services;;;;https://hh.ru/vacancy/66667437?from=vacancy_search_list&hhtmFrom=vacancy_search_list&query=Data%20engineer;hh.ru
Frontend developer;;;;https://hh.ru/vacancy/66969317?from=vacancy_search_list&hhtmFrom=vacancy_search_list&query=Data%20engineer;hh.ru
Lead Machine Learning;;;;https://hh.ru/vacancy/67288434?from=vacancy_search_list&hhtmFrom=vacancy_search_list&query=Data%20engineer;hh.ru
Frontend developer (Angular);;;;https://hh.ru/vacancy/66969305?from=vacancy_search_list&hhtmFrom=vacancy_search_list&query=Data%20engineer;hh.ru
Senior/Leading Software Development Engineer (Python);;;;https://hh.ru/vacancy/66955415?from=vacancy_search_list&hhtmFrom=vacancy_search_list&query=Data%20engineer;hh.ru
Senior BackEnd Developer;2500.00;4500.00;USD;https://hh.ru/vacancy/54170175?from=vacancy_search_list&hhtmFrom=vacancy_search_list&query=Data%20engineer;hh.ru
Инженер по технической поддержке;;;;https://hh.ru/vacancy/55065846?from=vacancy_search_list&hhtmFrom=vacancy_search_list&query=Data%20engineer;hh.ru
ML-инженер (команда суперприложения);;;;https://hh.ru/vacancy/67039366?from=vacancy_search_list&hhtmFrom=vacancy_search_list&query=Data%20engineer;hh.ru
Middle BackEnd Developer;1500.00;3500.00;USD;https://hh.ru/vacancy/54170222?from=vacancy_search_list&hhtmFrom=vacancy_search_list&query=Data%20engineer;hh.ru
Инженер-технолог (горный отдел);;;;https://hh.ru/vacancy/54525384?from=vacancy_search_list&hhtmFrom=vacancy_search_list&query=Data%20engineer;hh.ru
Инженер по подключению абонентов (по технологии GPON), г.Альметьевск;50000.00;60000.00;руб;https://hh.ru/vacancy/67282908?from=vacancy_search_list&hhtmFrom=vacancy_search_list&query=Data%20engineer;hh.ru
Рекрутер;;;;https://hh.ru/vacancy/67781699?from=vacancy_search_list&hhtmFrom=vacancy_search_list&query=Data%20engineer;hh.ru
Главный инженер разработки Java (удаленно);;;;https://hh.ru/vacancy/67070113?from=vacancy_search_list&hhtmFrom=vacancy_search_list&query=Data%20engineer;hh.ru
Middle+ Full-Stack PHP, React Developer For a Healthtech Project;4200.00;5600.00;EUR;https://hh.ru/vacancy/67522951?from=vacancy_search_list&hhtmFrom=vacancy_search_list&query=Data%20engineer;hh.ru
Middle+ Full-Stack PHP, React Developer For a Healthtech Project;4200.00;5600.00;EUR;https://hh.ru/vacancy/67521511?from=vacancy_search_list&hhtmFrom=vacancy_search_list&query=Data%20engineer;hh.ru
Middle+ Full-Stack PHP, React Developer For a Healthtech Project;4200.00;5600.00;EUR;https://hh.ru/vacancy/67521512?from=vacancy_search_list&hhtmFrom=vacancy_search_list&query=Data%20engineer;hh.ru
Full Stack Node.js React Developer (remote);;;;https://hh.ru/vacancy/66667386?from=vacancy_search_list&hhtmFrom=vacancy_search_list&query=Data%20engineer;hh.ru
Инженер по внедрению базовых сервисов и инфраструктуры (DevOps);;;;https://hh.ru/vacancy/54687952?from=vacancy_search_list&hhtmFrom=vacancy_search_list&query=Data%20engineer;hh.ru
Ведущий инженер-технолог (горный отдел);;;;https://hh.ru/vacancy/54525385?from=vacancy_search_list&hhtmFrom=vacancy_search_list&query=Data%20engineer;hh.ru
Python Developer;3000.00;4000.00;USD;https://hh.ru/vacancy/67735846?from=vacancy_search_list&hhtmFrom=vacancy_search_list&query=Data%20engineer;hh.ru
PHP Developer / PHP Разработчик;150000.00;300000.00;руб;https://hh.ru/vacancy/55867749?from=vacancy_search_list&hhtmFrom=vacancy_search_list&query=Data%20engineer;hh.ru
Главный инженер проектов (проектирование ЦОДов);;;;https://hh.ru/vacancy/67011547?from=vacancy_search_list&hhtmFrom=vacancy_search_list&query=Data%20engineer;hh.ru
Senior C# Developer (Cyprus) в Invoices App;300000.00;400000.00;руб;https://hh.ru/vacancy/66962996?from=vacancy_search_list&hhtmFrom=vacancy_search_list&query=Data%20engineer;hh.ru
Middle+ Full-Stack PHP, React Developer For a Healthtech Project;4200.00;5600.00;EUR;https://hh.ru/vacancy/67519473?from=vacancy_search_list&hhtmFrom=vacancy_search_list&query=Data%20engineer;hh.ru
Product Designer;;;;https://hh.ru/vacancy/67659213?from=vacancy_search_list&hhtmFrom=vacancy_search_list&query=Data%20engineer;hh.ru
Дата инженер с функциями аналитика данных;;;;https://hh.ru/vacancy/66962635?from=vacancy_search_list&hhtmFrom=vacancy_search_list&query=Data%20engineer;hh.ru
Head of Moderation (to Cyprus);;;;https://hh.ru/vacancy/66203260?from=vacancy_search_list&hhtmFrom=vacancy_search_list&query=Data%20engineer;hh.ru
Системный аналитик (Цифровой кредитный мониторинг);;;;https://hh.ru/vacancy/67813895?from=vacancy_search_list&hhtmFrom=vacancy_search_list&query=Data%20engineer;hh.ru
Product Owner (to Cyprus);4000.00;5000.00;EUR;https://hh.ru/vacancy/67825355?from=vacancy_search_list&hhtmFrom=vacancy_search_list&query=Data%20engineer;hh.ru
Product Owner (to Cyprus);4000.00;5000.00;EUR;https://hh.ru/vacancy/67825356?from=vacancy_search_list&hhtmFrom=vacancy_search_list&query=Data%20engineer;hh.ru
Backend разработчик;;;;https://hh.ru/vacancy/67785663?from=vacancy_search_list&hhtmFrom=vacancy_search_list&query=Data%20engineer;hh.ru
Project Manager;;;;https://hh.ru/vacancy/67745897?from=vacancy_search_list&hhtmFrom=vacancy_search_list&query=Data%20engineer;hh.ru
Аналитик Данных;;;;https://hh.ru/vacancy/67468160?from=vacancy_search_list&hhtmFrom=vacancy_search_list&query=Data%20engineer;hh.ru
Администратор сетей хранения данных и СРК;;;;https://hh.ru/vacancy/67787419?from=vacancy_search_list&hhtmFrom=vacancy_search_list&query=Data%20engineer;hh.ru
BI аналитик;;;;https://hh.ru/vacancy/67769453?from=vacancy_search_list&hhtmFrom=vacancy_search_list&query=Data%20engineer;hh.ru
BI аналитик;;;;https://hh.ru/vacancy/67769454?from=vacancy_search_list&hhtmFrom=vacancy_search_list&query=Data%20engineer;hh.ru
BI аналитик;;;;https://hh.ru/vacancy/67769455?from=vacancy_search_list&hhtmFrom=vacancy_search_list&query=Data%20engineer;hh.ru
BI аналитик;;;;https://hh.ru/vacancy/67769456?from=vacancy_search_list&hhtmFrom=vacancy_search_list&query=Data%20engineer;hh.ru
Full stack developer - Java / JS / ReactJS (to Cyprus);;;;https://hh.ru/vacancy/67802726?from=vacancy_search_list&hhtmFrom=vacancy_search_list&query=Data%20engineer;hh.ru
Senior Java/Kotlin Developer;;;;https://hh.ru/vacancy/55144214?from=vacancy_search_list&hhtmFrom=vacancy_search_list&query=Data%20engineer;hh.ru
Lead generation specialist;;;;https://hh.ru/vacancy/67665415?from=vacancy_search_list&hhtmFrom=vacancy_search_list&query=Data%20engineer;hh.ru
Java разработчик;;;;https://hh.ru/vacancy/54920080?from=vacancy_search_list&hhtmFrom=vacancy_search_list&query=Data%20engineer;hh.ru
Дата инженер по визуализации данных;;;;https://hh.ru/vacancy/66962627?from=vacancy_search_list&hhtmFrom=vacancy_search_list&query=Data%20engineer;hh.ru
Руководитель проектов в области AI;;;;https://hh.ru/vacancy/67819754?from=vacancy_search_list&hhtmFrom=vacancy_search_list&query=Data%20engineer;hh.ru
Senior Java Developer [Game Center];;;;https://hh.ru/vacancy/67778965?from=vacancy_search_list&hhtmFrom=vacancy_search_list&query=Data%20engineer;hh.ru
Head of QA;;;;https://hh.ru/vacancy/67751562?from=vacancy_search_list&hhtmFrom=vacancy_search_list&query=Data%20engineer;hh.ru
Senior Graphic Designer;;;;https://hh.ru/vacancy/67378723?from=vacancy_search_list&hhtmFrom=vacancy_search_list&query=Data%20engineer;hh.ru
Frontend developer;;;;https://hh.ru/vacancy/67731097?from=vacancy_search_list&hhtmFrom=vacancy_search_list&query=Data%20engineer;hh.ru
Аналитик DWH / Аналитик хранилища данных;;;;https://hh.ru/vacancy/67740271?from=vacancy_search_list&hhtmFrom=vacancy_search_list&query=Data%20engineer;hh.ru
Technical Documentation Writer (Yerevan, Armenia);;;;https://hh.ru/vacancy/67777762?from=vacancy_search_list&hhtmFrom=vacancy_search_list&query=Data%20engineer;hh.ru
Руководитель проекта;;;;https://hh.ru/vacancy/67216788?from=vacancy_search_list&hhtmFrom=vacancy_search_list&query=Data%20engineer;hh.ru
Лидер направления;;;;https://hh.ru/vacancy/67780473?from=vacancy_search_list&hhtmFrom=vacancy_search_list&query=Data%20engineer;hh.ru
Head of QA;;;;https://hh.ru/vacancy/67751336?from=vacancy_search_list&hhtmFrom=vacancy_search_list&query=Data%20engineer;hh.ru
Менеджер по продажам;;;;https://hh.ru/vacancy/67215769?from=vacancy_search_list&hhtmFrom=vacancy_search_list&query=Data%20engineer;hh.ru
System Analyst/Системный аналитик (System Software Team);;;;https://hh.ru/vacancy/67786204?from=vacancy_search_list&hhtmFrom=vacancy_search_list&query=Data%20engineer;hh.ru
IT Director (Operations and Security);7000.00;;USD;https://hh.ru/vacancy/67711766?from=vacancy_search_list&hhtmFrom=vacancy_search_list&query=Data%20engineer;hh.ru
IT Director (Operations and Security);7000.00;;USD;https://hh.ru/vacancy/67711767?from=vacancy_search_list&hhtmFrom=vacancy_search_list&query=Data%20engineer;hh.ru
IT Director (Operations and Security);7000.00;;USD;https://hh.ru/vacancy/67711768?from=vacancy_search_list&hhtmFrom=vacancy_search_list&query=Data%20engineer;hh.ru
Специалист по наполнению баз данных (Mentor);;;;https://hh.ru/vacancy/55551882?from=vacancy_search_list&hhtmFrom=vacancy_search_list&query=Data%20engineer;hh.ru
Product and Client Analytics Team Leader (Montenegro);;;;https://hh.ru/vacancy/67663340?from=vacancy_search_list&hhtmFrom=vacancy_search_list&query=Data%20engineer;hh.ru
Java developer;;;;https://hh.ru/vacancy/40995404?from=vacancy_search_list&hhtmFrom=vacancy_search_list&query=Data%20engineer;hh.ru
.NET developer;;;;https://hh.ru/vacancy/37475848?from=vacancy_search_list&hhtmFrom=vacancy_search_list&query=Data%20engineer;hh.ru
Senior IOS developer;;;;https://hh.ru/vacancy/66125228?from=vacancy_search_list&hhtmFrom=vacancy_search_list&query=Data%20engineer;hh.ru
IOS разработчик;;;;https://hh.ru/vacancy/66125238?from=vacancy_search_list&hhtmFrom=vacancy_search_list&query=Data%20engineer;hh.ru
Backend developer (Java);;;;https://hh.ru/vacancy/53342647?from=vacancy_search_list&hhtmFrom=vacancy_search_list&query=Data%20engineer;hh.ru
Senior .NET Developer;;;;https://hh.ru/vacancy/67659751?from=vacancy_search_list&hhtmFrom=vacancy_search_list&query=Data%20engineer;hh.ru
Главный специалист (IT-архитектор);;;;https://hh.ru/vacancy/67697173?from=vacancy_search_list&hhtmFrom=vacancy_search_list&query=Data%20engineer;hh.ru
Backend developer (Java);;;;https://hh.ru/vacancy/53342648?from=vacancy_search_list&hhtmFrom=vacancy_search_list&query=Data%20engineer;hh.ru
Senior Java developer;;;;https://hh.ru/vacancy/67666139?from=vacancy_search_list&hhtmFrom=vacancy_search_list&query=Data%20engineer;hh.ru
Fronted Developer (React);;300000.00;руб;https://hh.ru/vacancy/66090078?from=vacancy_search_list&hhtmFrom=vacancy_search_list&query=Data%20engineer;hh.ru
Программист C++;50000.00;;руб;https://hh.ru/vacancy/67573377?from=vacancy_search_list&hhtmFrom=vacancy_search_list&query=Data%20engineer;hh.ru
Ведущий Риск - аналитик;;;;https://hh.ru/vacancy/67666820?from=vacancy_search_list&hhtmFrom=vacancy_search_list&query=Data%20engineer;hh.ru
Back end developer / Full stack developer / IT administrator С# (Remote);2000.00;2500.00;USD;https://hh.ru/vacancy/67547289?from=vacancy_search_list&hhtmFrom=vacancy_search_list&query=Data%20engineer;hh.ru
Back end developer / Full stack developer / IT administrator C# (удаленно);2000.00;2500.00;USD;https://hh.ru/vacancy/67547290?from=vacancy_search_list&hhtmFrom=vacancy_search_list&query=Data%20engineer;hh.ru
Back end developer / Full stack developer / IT administrator С# (Remote);2000.00;2500.00;USD;https://hh.ru/vacancy/67547291?from=vacancy_search_list&hhtmFrom=vacancy_search_list&query=Data%20engineer;hh.ru
Performance Marketing Team Manager;5000.00;;EUR;https://hh.ru/vacancy/67691547?from=vacancy_search_list&hhtmFrom=vacancy_search_list&query=Data%20engineer;hh.ru
Продуктовый аналитик;;;;https://hh.ru/vacancy/54826126?from=vacancy_search_list&hhtmFrom=vacancy_search_list&query=Data%20engineer;hh.ru
Продуктовый аналитик;;;;https://hh.ru/vacancy/54869038?from=vacancy_search_list&hhtmFrom=vacancy_search_list&query=Data%20engineer;hh.ru
Junior Front-end & Back-end Developer at Ignition (remote);;;;https://hh.ru/vacancy/67693802?from=vacancy_search_list&hhtmFrom=vacancy_search_list&query=Data%20engineer;hh.ru
Junior Front-end / Back-end Developer at Ignition;;;;https://hh.ru/vacancy/67693803?from=vacancy_search_list&hhtmFrom=vacancy_search_list&query=Data%20engineer;hh.ru
Reporting and Visualization Analyst (BI);4000.00;5000.00;EUR;https://hh.ru/vacancy/67513802?from=vacancy_search_list&hhtmFrom=vacancy_search_list&query=Data%20engineer;hh.ru
Стажер программы IT-старт;;;;https://hh.ru/vacancy/67715834?from=vacancy_search_list&hhtmFrom=vacancy_search_list&query=Data%20engineer;hh.ru
Senior Consultant (Strategy & Operations);;;;https://hh.ru/vacancy/54786728?from=vacancy_search_list&hhtmFrom=vacancy_search_list&query=Data%20engineer;hh.ru
License Manager (Small Team);;;;https://hh.ru/vacancy/67710014?from=vacancy_search_list&hhtmFrom=vacancy_search_list&query=Data%20engineer;hh.ru
Tech Lead (FMS);;;;https://hh.ru/vacancy/67381347?from=vacancy_search_list&hhtmFrom=vacancy_search_list&query=Data%20engineer;hh.ru
Java Developer (Message Platform);;;;https://hh.ru/vacancy/55287360?from=vacancy_search_list&hhtmFrom=vacancy_search_list&query=Data%20engineer;hh.ru
Java Developer (Message Platform);;;;https://hh.ru/vacancy/55287367?from=vacancy_search_list&hhtmFrom=vacancy_search_list&query=Data%20engineer;hh.ru
Java Developer (Message Platform);;;;https://hh.ru/vacancy/55287269?from=vacancy_search_list&hhtmFrom=vacancy_search_list&query=Data%20engineer;hh.ru
Java Developer (Message Platform);;;;https://hh.ru/vacancy/55287316?from=vacancy_search_list&hhtmFrom=vacancy_search_list&query=Data%20engineer;hh.ru
Java Developer (Message Platform);;;;https://hh.ru/vacancy/55287334?from=vacancy_search_list&hhtmFrom=vacancy_search_list&query=Data%20engineer;hh.ru
Java Developer (Message Platform);;;;https://hh.ru/vacancy/55287247?from=vacancy_search_list&hhtmFrom=vacancy_search_list&query=Data%20engineer;hh.ru
Java Developer (Message Platform);;;;https://hh.ru/vacancy/55287303?from=vacancy_search_list&hhtmFrom=vacancy_search_list&query=Data%20engineer;hh.ru
Java Developer (Message Platform);;;;https://hh.ru/vacancy/55287311?from=vacancy_search_list&hhtmFrom=vacancy_search_list&query=Data%20engineer;hh.ru
Java Developer (Message Platform);;;;https://hh.ru/vacancy/55287347?from=vacancy_search_list&hhtmFrom=vacancy_search_list&query=Data%20engineer;hh.ru
MC Plus Specialist;;;;https://hh.ru/vacancy/67541557?from=vacancy_search_list&hhtmFrom=vacancy_search_list&query=Data%20engineer;hh.ru
Директор Службы управления Корпоративными данными [Архитектор КХД];;;;https://hh.ru/vacancy/67599244?from=vacancy_search_list&hhtmFrom=vacancy_search_list&query=Data%20engineer;hh.ru
Python Developer;55000.00;75000.00;руб;https://hh.ru/vacancy/67644495?from=vacancy_search_list&hhtmFrom=vacancy_search_list&query=Data%20engineer;hh.ru
Fullstack C# Разработчик (удаленная работа);150000.00;;руб;https://hh.ru/vacancy/67620782?from=vacancy_search_list&hhtmFrom=vacancy_search_list&query=Data%20engineer;hh.ru
Системный аналитик (Сервисы машинного обучения);;;;https://hh.ru/vacancy/66666170?from=vacancy_search_list&hhtmFrom=vacancy_search_list&query=Data%20engineer;hh.ru
Customs clearance Logistics Specialist;;;;https://hh.ru/vacancy/67076961?from=vacancy_search_list&hhtmFrom=vacancy_search_list&query=Data%20engineer;hh.ru
Head of Analytics;;;;https://hh.ru/vacancy/67494759?from=vacancy_search_list&hhtmFrom=vacancy_search_list&query=Data%20engineer;hh.ru
Head of Analytics;;;;https://hh.ru/vacancy/67494760?from=vacancy_search_list&hhtmFrom=vacancy_search_list&query=Data%20engineer;hh.ru
Продуктовый аналитик в команду «Метамодель»;;;;https://hh.ru/vacancy/67163666?from=vacancy_search_list&hhtmFrom=vacancy_search_list&query=Data%20engineer;hh.ru
Scheduler / Planner;;;;https://hh.ru/vacancy/67144140?from=vacancy_search_list&hhtmFrom=vacancy_search_list&query=Data%20engineer;hh.ru
Product Owner (Red Team);;;;https://hh.ru/vacancy/66597531?from=vacancy_search_list&hhtmFrom=vacancy_search_list&query=Data%20engineer;hh.ru
Архитектор данных;;;;https://hh.ru/vacancy/66732985?from=vacancy_search_list&hhtmFrom=vacancy_search_list&query=Data%20engineer;hh.ru
Mathematical Modeler;240000.00;;руб;https://hh.ru/vacancy/67511917?from=vacancy_search_list&hhtmFrom=vacancy_search_list&query=Data%20engineer;hh.ru
Разработчик ETL (Hadoop);;;;https://hh.ru/vacancy/67361222?from=vacancy_search_list&hhtmFrom=vacancy_search_list&query=Data%20engineer;hh.ru
ETL-разработчик;;;;https://hh.ru/vacancy/55405095?from=vacancy_search_list&hhtmFrom=vacancy_search_list&query=Data%20engineer;hh.ru
JS Angular Senior Developer;;;;https://hh.ru/vacancy/66206089?from=vacancy_search_list&hhtmFrom=vacancy_search_list&query=Data%20engineer;hh.ru
Специалист по тегированию контента (со знанием английского языка);35000.00;;руб;https://hh.ru/vacancy/67367715?from=vacancy_search_list&hhtmFrom=vacancy_search_list&query=Data%20engineer;hh.ru
Senior Angular Developer;;;;https://hh.ru/vacancy/67570878?from=vacancy_search_list&hhtmFrom=vacancy_search_list&query=Data%20engineer;hh.ru
Junior Python разработчик (Цифровой кредитный мониторинг);;;;https://hh.ru/vacancy/67255863?from=vacancy_search_list&hhtmFrom=vacancy_search_list&query=Data%20engineer;hh.ru
Разработчик Oracle Hyperion Planning;;;;https://hh.ru/vacancy/67394216?from=vacancy_search_list&hhtmFrom=vacancy_search_list&query=Data%20engineer;hh.ru
Главный программист/ Архитектор ПО (Lead Java Backend developer);;;;https://hh.ru/vacancy/66605798?from=vacancy_search_list&hhtmFrom=vacancy_search_list&query=Data%20engineer;hh.ru
Технический лидер разработки/Tech Lead Java;;;;https://hh.ru/vacancy/66642001?from=vacancy_search_list&hhtmFrom=vacancy_search_list&query=Data%20engineer;hh.ru
Monitoring Team Lead;;;;https://hh.ru/vacancy/67506414?from=vacancy_search_list&hhtmFrom=vacancy_search_list&query=Data%20engineer;hh.ru
Senior Android Developer;;;;https://hh.ru/vacancy/67553457?from=vacancy_search_list&hhtmFrom=vacancy_search_list&query=Data%20engineer;hh.ru
Delivery-менеджер;;;;https://hh.ru/vacancy/67149532?from=vacancy_search_list&hhtmFrom=vacancy_search_list&query=Data%20engineer;hh.ru
Аналитик DWH / Аналитик хранилища данных;;;;https://hh.ru/vacancy/67486535?from=vacancy_search_list&hhtmFrom=vacancy_search_list&query=Data%20engineer;hh.ru
Algo Team Leader;;;;https://hh.ru/vacancy/66992675?from=vacancy_search_list&hhtmFrom=vacancy_search_list&query=Data%20engineer;hh.ru
Backend (Node.js) Software Developer;;;;https://hh.ru/vacancy/67397350?from=vacancy_search_list&hhtmFrom=vacancy_search_list&query=Data%20engineer;hh.ru
Бизнес-аналитик;;;;https://hh.ru/vacancy/67536055?from=vacancy_search_list&hhtmFrom=vacancy_search_list&query=Data%20engineer;hh.ru
Digital Marketing Manager / Performance Marketing Manager;;;;https://hh.ru/vacancy/54945194?from=vacancy_search_list&hhtmFrom=vacancy_search_list&query=Data%20engineer;hh.ru
Business Analyst (Finance and HR departments);;;;https://hh.ru/vacancy/67396751?from=vacancy_search_list&hhtmFrom=vacancy_search_list&query=Data%20engineer;hh.ru
Angular Developer, Investment Management Solutions;;;;https://hh.ru/vacancy/66960588?from=vacancy_search_list&hhtmFrom=vacancy_search_list&query=Data%20engineer;hh.ru
Chief Resource Geologist;;;;https://hh.ru/vacancy/66987416?from=vacancy_search_list&hhtmFrom=vacancy_search_list&query=Data%20engineer;hh.ru
Reporting Analyst (Analytics Team);;;;https://hh.ru/vacancy/67288228?from=vacancy_search_list&hhtmFrom=vacancy_search_list&query=Data%20engineer;hh.ru
Reporting Analyst (Analytics Team);;;;https://hh.ru/vacancy/67288229?from=vacancy_search_list&hhtmFrom=vacancy_search_list&query=Data%20engineer;hh.ru
Reporting Analyst (Analytics Team);;;;https://hh.ru/vacancy/67288230?from=vacancy_search_list&hhtmFrom=vacancy_search_list&query=Data%20engineer;hh.ru
Reporting Analyst (Analytics Team);;;;https://hh.ru/vacancy/67288231?from=vacancy_search_list&hhtmFrom=vacancy_search_list&query=Data%20engineer;hh.ru
Senior Go Developer (Sportsbook);;;;https://hh.ru/vacancy/67344911?from=vacancy_search_list&hhtmFrom=vacancy_search_list&query=Data%20engineer;hh.ru
Architect (Telco) Georgia/Europe;;;;https://hh.ru/vacancy/54435503?from=vacancy_search_list&hhtmFrom=vacancy_search_list&query=Data%20engineer;hh.ru
Разработчик Java (Дэшборд agile);;;;https://hh.ru/vacancy/67237061?from=vacancy_search_list&hhtmFrom=vacancy_search_list&query=Data%20engineer;hh.ru
Product Owner;4000.00;;USD;https://hh.ru/vacancy/67039643?from=vacancy_search_list&hhtmFrom=vacancy_search_list&query=Data%20engineer;hh.ru
Главный/Ведущий эксперт (Java разработчик);;;;https://hh.ru/vacancy/67356125?from=vacancy_search_list&hhtmFrom=vacancy_search_list&query=Data%20engineer;hh.ru
Team Lead DevOps (DataOps Team) - Spain;;;;https://hh.ru/vacancy/67379997?from=vacancy_search_list&hhtmFrom=vacancy_search_list&query=Data%20engineer;hh.ru
Team Lead DevOps (DataOps Team) - Spain;;;;https://hh.ru/vacancy/67379998?from=vacancy_search_list&hhtmFrom=vacancy_search_list&query=Data%20engineer;hh.ru
Специалист по науке о данных;;;;https://hh.ru/vacancy/67450152?from=vacancy_search_list&hhtmFrom=vacancy_search_list&query=Data%20engineer;hh.ru
Java Разработчик (Тинькофф Инвестиции);;;;https://hh.ru/vacancy/54082443?from=vacancy_search_list&hhtmFrom=vacancy_search_list&query=Data%20engineer;hh.ru
Ведущий Java Разработчик (Тинькофф Инвестиции);;;;https://hh.ru/vacancy/54082446?from=vacancy_search_list&hhtmFrom=vacancy_search_list&query=Data%20engineer;hh.ru
.Net Developer (remote);;;;https://hh.ru/vacancy/67367132?from=vacancy_search_list&hhtmFrom=vacancy_search_list&query=Data%20engineer;hh.ru
Salesforce administrator / developer;;;;https://hh.ru/vacancy/67367338?from=vacancy_search_list&hhtmFrom=vacancy_search_list&query=Data%20engineer;hh.ru
Performance Media Manager;;;;https://hh.ru/vacancy/67090746?from=vacancy_search_list&hhtmFrom=vacancy_search_list&query=Data%20engineer;hh.ru
Python Developer;;;;https://hh.ru/vacancy/67398817?from=vacancy_search_list&hhtmFrom=vacancy_search_list&query=Data%20engineer;hh.ru
Interface designer;;3000.00;USD;https://hh.ru/vacancy/66513573?from=vacancy_search_list&hhtmFrom=vacancy_search_list&query=Data%20engineer;hh.ru
Interface designer;;3000.00;USD;https://hh.ru/vacancy/66513574?from=vacancy_search_list&hhtmFrom=vacancy_search_list&query=Data%20engineer;hh.ru
Interface designer;;3000.00;USD;https://hh.ru/vacancy/66513575?from=vacancy_search_list&hhtmFrom=vacancy_search_list&query=Data%20engineer;hh.ru
Interface designer;;3000.00;USD;https://hh.ru/vacancy/66513576?from=vacancy_search_list&hhtmFrom=vacancy_search_list&query=Data%20engineer;hh.ru
Interface designer;;3000.00;USD;https://hh.ru/vacancy/66513577?from=vacancy_search_list&hhtmFrom=vacancy_search_list&query=Data%20engineer;hh.ru
Interface designer;;3000.00;USD;https://hh.ru/vacancy/66513578?from=vacancy_search_list&hhtmFrom=vacancy_search_list&query=Data%20engineer;hh.ru
Interface designer;;3000.00;USD;https://hh.ru/vacancy/66513579?from=vacancy_search_list&hhtmFrom=vacancy_search_list&query=Data%20engineer;hh.ru
C++ Programmer (Software Developer (H1B, USA));;;;https://hh.ru/vacancy/67138621?from=vacancy_search_list&hhtmFrom=vacancy_search_list&query=Data%20engineer;hh.ru
Заместитель Директора Департамента Тестирования;;;;https://hh.ru/vacancy/66991386?from=vacancy_search_list&hhtmFrom=vacancy_search_list&query=Data%20engineer;hh.ru
Java-разработчик;;;;https://hh.ru/vacancy/66668186?from=vacancy_search_list&hhtmFrom=vacancy_search_list&query=Data%20engineer;hh.ru
Biomedical Researcher in software testing;;;;https://hh.ru/vacancy/67091916?from=vacancy_search_list&hhtmFrom=vacancy_search_list&query=Data%20engineer;hh.ru
Financial Controller;;;;https://hh.ru/vacancy/66942502?from=vacancy_search_list&hhtmFrom=vacancy_search_list&query=Data%20engineer;hh.ru
Technical Game Designer;;;;https://hh.ru/vacancy/55081976?from=vacancy_search_list&hhtmFrom=vacancy_search_list&query=Data%20engineer;hh.ru
Technical Game Designer;;;;https://hh.ru/vacancy/55081978?from=vacancy_search_list&hhtmFrom=vacancy_search_list&query=Data%20engineer;hh.ru
Системный аналитик;;;;https://hh.ru/vacancy/55338178?from=vacancy_search_list&hhtmFrom=vacancy_search_list&query=Data%20engineer;hh.ru
E&I Technician;;;;https://hh.ru/vacancy/67119351?from=vacancy_search_list&hhtmFrom=vacancy_search_list&query=Data%20engineer;hh.ru
Архитектор DWH/Team Lead ETL;;;;https://hh.ru/vacancy/66962376?from=vacancy_search_list&hhtmFrom=vacancy_search_list&query=Data%20engineer;hh.ru
C++ Software Developer;60000.00;110000.00;руб;https://hh.ru/vacancy/66980965?from=vacancy_search_list&hhtmFrom=vacancy_search_list&query=Data%20engineer;hh.ru
Devops;;;;https://hh.ru/vacancy/66181943?from=vacancy_search_list&hhtmFrom=vacancy_search_list&query=Data%20engineer;hh.ru
Middle Android Developer;;;;https://hh.ru/vacancy/66140455?from=vacancy_search_list&hhtmFrom=vacancy_search_list&query=Data%20engineer;hh.ru
Manual QA (middle/senior);;;;https://hh.ru/vacancy/55872329?from=vacancy_search_list&hhtmFrom=vacancy_search_list&query=Data%20engineer;hh.ru
Python/Django Web Developer (H1B,USA);;;;https://hh.ru/vacancy/67138622?from=vacancy_search_list&hhtmFrom=vacancy_search_list&query=Data%20engineer;hh.ru
Product Owner;;;;https://hh.ru/vacancy/67235000?from=vacancy_search_list&hhtmFrom=vacancy_search_list&query=Data%20engineer;hh.ru
Game designer (Armored Warfare);;;;https://hh.ru/vacancy/67135992?from=vacancy_search_list&hhtmFrom=vacancy_search_list&query=Data%20engineer;hh.ru
Lead Animator;;;;https://hh.ru/vacancy/66988633?from=vacancy_search_list&hhtmFrom=vacancy_search_list&query=Data%20engineer;hh.ru
Lead Animator;;;;https://hh.ru/vacancy/66988607?from=vacancy_search_list&hhtmFrom=vacancy_search_list&query=Data%20engineer;hh.ru
Head of Java Department;;;;https://hh.ru/vacancy/67266862?from=vacancy_search_list&hhtmFrom=vacancy_search_list&query=Data%20engineer;hh.ru
Head of Java Department;;;;https://hh.ru/vacancy/67266863?from=vacancy_search_list&hhtmFrom=vacancy_search_list&query=Data%20engineer;hh.ru
Head of Java Department;;;;https://hh.ru/vacancy/67266864?from=vacancy_search_list&hhtmFrom=vacancy_search_list&query=Data%20engineer;hh.ru
JavaScript Developer (React);;;;https://hh.ru/vacancy/67259908?from=vacancy_search_list&hhtmFrom=vacancy_search_list&query=Data%20engineer;hh.ru
Associate 1-3, Fixed Assets/Real Estate, Deal Advisory (Almaty/Nur-Sultan/Tashkent);;;;https://hh.ru/vacancy/37287209?from=vacancy_search_list&hhtmFrom=vacancy_search_list&query=Data%20engineer;hh.ru
Synthetic Chemist (research Chemist) in Software Testing;;;;https://hh.ru/vacancy/67091937?from=vacancy_search_list&hhtmFrom=vacancy_search_list&query=Data%20engineer;hh.ru
Technical Recruiter;;;;https://hh.ru/vacancy/67262684?from=vacancy_search_list&hhtmFrom=vacancy_search_list&query=Data%20engineer;hh.ru
Technical content writer;800.00;2000.00;USD;https://hh.ru/vacancy/66949090?from=vacancy_search_list&hhtmFrom=vacancy_search_list&query=Data%20engineer;hh.ru
Lead Python Developer;;;;https://hh.ru/vacancy/67052156?from=vacancy_search_list&hhtmFrom=vacancy_search_list&query=Data%20engineer;hh.ru
Consultant in Technology group (Digital);;;;https://hh.ru/vacancy/52668688?from=vacancy_search_list&hhtmFrom=vacancy_search_list&query=Data%20engineer;hh.ru
Salesforce Developer, Warehouse System;;;;https://hh.ru/vacancy/66952320?from=vacancy_search_list&hhtmFrom=vacancy_search_list&query=Data%20engineer;hh.ru
Системный аналитик;;;;https://hh.ru/vacancy/54924757?from=vacancy_search_list&hhtmFrom=vacancy_search_list&query=Data%20engineer;hh.ru
IOS Developer;;;;https://hh.ru/vacancy/54448796?from=vacancy_search_list&hhtmFrom=vacancy_search_list&query=Data%20engineer;hh.ru
Middle+ Communication Designer at Practicum USA;;;;https://hh.ru/vacancy/66104677?from=vacancy_search_list&hhtmFrom=vacancy_search_list&query=Data%20engineer;hh.ru
Middle+ Communication Designer at Practicum USA;;;;https://hh.ru/vacancy/66104676?from=vacancy_search_list&hhtmFrom=vacancy_search_list&query=Data%20engineer;hh.ru
ALM (Asset-Liability Manager) в зарубежный банк;;;;https://hh.ru/vacancy/67108686?from=vacancy_search_list&hhtmFrom=vacancy_search_list&query=Data%20engineer;hh.ru
Product Analyst;;;;https://hh.ru/vacancy/66186608?from=vacancy_search_list&hhtmFrom=vacancy_search_list&query=Data%20engineer;hh.ru
Руководитель по управлению данными;;;;https://hh.ru/vacancy/66638072?from=vacancy_search_list&hhtmFrom=vacancy_search_list&query=Data%20engineer;hh.ru
Senior Java Developer;;;;https://hh.ru/vacancy/66943428?from=vacancy_search_list&hhtmFrom=vacancy_search_list&query=Data%20engineer;hh.ru
Associate 1-3, Valuation, M&A & Financing, Deal Advisory (Almaty / Nur-Sultan / Tashkent);;;;https://hh.ru/vacancy/41172495?from=vacancy_search_list&hhtmFrom=vacancy_search_list&query=Data%20engineer;hh.ru
DevOps;;;;https://hh.ru/vacancy/54923506?from=vacancy_search_list&hhtmFrom=vacancy_search_list&query=Data%20engineer;hh.ru
Исследователь-разработчик;;;;https://hh.ru/vacancy/54505738?from=vacancy_search_list&hhtmFrom=vacancy_search_list&query=Data%20engineer;hh.ru
Clojure-разработчик;;;;https://hh.ru/vacancy/67026415?from=vacancy_search_list&hhtmFrom=vacancy_search_list&query=Data%20engineer;hh.ru
Team Lead команды репутационная система;;;;https://hh.ru/vacancy/66509059?from=vacancy_search_list&hhtmFrom=vacancy_search_list&query=Data%20engineer;hh.ru
Product manager;;;;https://hh.ru/vacancy/67038456?from=vacancy_search_list&hhtmFrom=vacancy_search_list&query=Data%20engineer;hh.ru
PHP Developer (Product Team);200000.00;;руб;https://hh.ru/vacancy/67152372?from=vacancy_search_list&hhtmFrom=vacancy_search_list&query=Data%20engineer;hh.ru
C++ developer to Berlin;7500.00;10834.00;EUR;https://hh.ru/vacancy/67169568?from=vacancy_search_list&hhtmFrom=vacancy_search_list&query=Data%20engineer;hh.ru
Product Owner (Casino platform);;;;https://hh.ru/vacancy/66955137?from=vacancy_search_list&hhtmFrom=vacancy_search_list&query=Data%20engineer;hh.ru
IOS-разработчик (онлайн-инвестиции);;;;https://hh.ru/vacancy/55827194?from=vacancy_search_list&hhtmFrom=vacancy_search_list&query=Data%20engineer;hh.ru
Country Manager (FinTech) - Uzbekistan;;;;https://hh.ru/vacancy/54042039?from=vacancy_search_list&hhtmFrom=vacancy_search_list&query=Data%20engineer;hh.ru
Scala Developer;;;;https://hh.ru/vacancy/66955883?from=vacancy_search_list&hhtmFrom=vacancy_search_list&query=Data%20engineer;hh.ru
Scala Developer;;;;https://hh.ru/vacancy/66955822?from=vacancy_search_list&hhtmFrom=vacancy_search_list&query=Data%20engineer;hh.ru
Scala Developer;;;;https://hh.ru/vacancy/66955809?from=vacancy_search_list&hhtmFrom=vacancy_search_list&query=Data%20engineer;hh.ru
